Condition,Geometry Number,Location,Stenosis Percentage,Length,Width,R_scale,R_micro,R_total,P_d/P_a,CFR,CFR/FFR,discord,HMR,BMR/HMR,HSR,P_Loss_Coeff,Average Flow,Max Flow,v_distal,Q_distal,WSS_LMB,WSS_Bif,WSS_LE,WSS_TE,WSS_min,WSS_LE_min,WSS_TE_min,WSS_Area_Bifur,WSS_LE_Area,WSS_TE_Area,WSS_Area_Bifur_min,WSS_LE_Area_min,WSS_TE_Area_min,source
Non-hyperemic,68,LAD,2.982273990851341816e-01,0.9,0.745,0.24,0.0,0.24,,,,,8.838165017908977,,0.08766336065172484,,2.2410524597701147,3.379841,12.410847122782881,1.1790304766643738,73.545153,364.141066,189.08406344020767,44.9317302465487,22.236397507489517,1.4275493407983375,7.490161473266714,0.08682246764383719,0.031276489046950226,0.0,0.000184174706481093,0.0,0.0,mine
Non-hyperemic,50,LCX,5.985359125502809352e-01,0.9,0.5700000000000001,0.24,0.0,0.24,0.9004077056474769,,,,7.2231210322992885,,0.7989349618852493,2.2084727094138983,2.252098241379309,3.396499,12.433488498953901,0.6962753559414184,545.600706,1205.5015720000001,221.07734748127987,544.1888338829,7.660404585158117,3.21241776207066,0.41272453187546837,0.14753056524668848,0.0314757420090166,0.1188335087199356,0.02354794446467519,0.0,0.12272662192933118,mine
Non-hyperemic,66,LAD,2.048441957096110988e-01,2.0,0.5800000000000001,0.24,0.0,0.24,,,,,8.487020296563811,,0.11390155058682386,,2.2238716091954025,3.35393,12.893564837595662,1.224888659571588,73.749309,363.091227,184.14643385852537,53.52795784868607,1.839462031341226,1.839462031341226,17.15788750033138,0.05975821967777783,0.03300135187306081,0.0,0.0007588111920764093,0.0007945030076159629,0.0,mine
Non-hyperemic,61,LAD,1.117331976597878418e-01,1.66,0.5800000000000001,0.24,0.0,0.24,,,,,8.341907181408443,,0.09499937864827364,,2.234540551724138,3.37002,13.123060000518283,1.2466907000492369,71.991405,377.23309,198.0860022745096,44.41321289840942,0.799562331735081,0.799562331735081,20.049491294452835,0.05869741877847365,0.02141409359180359,0.0,0.0006040401112056268,0.0007343871979048501,0.0,mine
Non-hyperemic,60,LAD,1.075575169072274795e-01,0.9,0.43,0.24,0.0,0.24,,,,,8.253912979871107,,0.06417401500793321,,2.2384789540229884,3.37596,13.328269627627856,1.2661856146246464,72.425202,376.06429,197.82005370216814,40.267460244004845,20.40407797843459,1.7603390634920044,17.850898223139616,0.05905703077632209,0.03136918671229758,0.0,0.0004677119615276039,0.0,0.0,mine
Non-hyperemic,67,LAD,2.048441957096112098e-01,2.5,0.5800000000000001,0.24,0.0,0.24,,,,,8.060677782904822,,0.13306596698090348,,2.223087149425287,3.352746,13.532971305063624,1.2856322739810444,71.475381,366.42226500000004,189.01292409068438,52.21464231881521,0.8826350995256874,1.0669288917936255,20.36203514898984,0.057863626069360394,0.021916910386492055,0.0,0.0003688739716607005,0.00037589211184592283,0.0,mine
Non-hyperemic,51,LCX,5.951443504385723893e-01,3.0,0.76,0.24,0.0,0.24,0.9173448448684582,,,,9.421958493757401,,0.8489429523704767,2.3452732665296145,2.2244401724137934,3.354787,9.64183112459091,0.539942542977091,200.987644,447.142565,197.64192582755103,135.36433417494894,0.09771344228188229,8.026376076268996,0.2687129447131303,0.15714666921365658,0.02016634844383225,0.04633128904411461,0.000987450346447329,0.0,0.014203652341457198,mine
Non-hyperemic,69,LAD,3.090435692874629048e-01,1.66,0.9,0.24,0.0,0.24,,,,,8.912150083392268,,0.1683062851664719,,2.2395507816091964,3.377576,12.243624657302409,1.1631443424437289,73.336331,387.80905199999995,209.0199299029579,74.91711558555119,0.8919218519018186,0.8919218519018186,1.4137844557966872,0.1900182153095151,0.02237135056772157,0.00320548612852185,0.0,0.0,0.04002486246422156,mine
Non-hyperemic,3,LAD,4.528590858545522568e-01,1.7,0.6799999999999999,0.24,0.0,0.24,0.9559217522138562,,,,8.078914117281288,,0.3725246103876005,1.9031599972118467,2.2298179540229888,3.362898,11.709793913450389,1.112430421777787,73.305043,458.308797,210.72133093803038,214.42617016738697,0.2959014506502802,6.235184492640925,1.514652713506401,0.25108966972904445,0.04503302438725756,0.09964921901075964,0.001156745638130044,0.0,0.01193592783054887,mine
Non-hyperemic,4,LAD,4.407935948725615338e-01,2.0,0.6699999999999999,0.24,0.0,0.24,0.956032700203412,,,,8.139973964356635,,0.374351918664645,1.9086333669728714,2.240501666666667,3.37901,11.619862157551019,1.1038869049673468,72.379322,414.588221,,,0.5649356232798711,,,,,,,,,mine
Non-hyperemic,5,LAD,4.813122844963183544e-01,1.2,0.71,0.24,0.0,0.24,0.9564809770610759,,,,7.549227639449927,,0.343483057887729,1.83802202782347,2.2302722528735632,3.363583,12.544044112234806,1.1916841906623066,73.820153,539.581591,241.2389221216187,194.99699505659206,0.8372863902919129,2.778466274643177,0.8085037098428268,0.2152446740719269,0.08837295227537117,0.0606112191697697,0.0021948763713696873,0.0010415108412944287,0.0014731756496067755,mine
Non-hyperemic,2,LAD,4.528590858545522568e-01,1.5,0.6799999999999999,0.24,0.0,0.24,0.9589551988075317,,,,8.14415595403404,,0.34858277261488163,1.8770772665721542,2.2302837586206894,3.3636,11.635443273560933,1.1053671109882885,72.634057,498.09088399999996,217.22935613893188,201.36631330983062,0.5689746249824182,4.093896732846243,0.9854800009603408,0.2546212398283756,0.05031780303230888,0.07959238330146053,0.0012217653874017984,0.0,0.011475645550127877,mine
Non-hyperemic,16,LAD,5.908588520863007343e-01,2.0,0.81,0.24,0.0,0.24,0.8710720798498311,,,,6.2478785192862265,,0.9247523844196244,2.2039493382998327,2.2137170229885053,3.338615,14.54220964594078,1.381509916364374,72.312544,799.287205,219.4918227036951,606.3764481133924,1.1308421717810158,3.6235834088768195,2.9966114986224253,0.23309442366375427,0.05202527157940534,0.1400204317526657,0.0010728641296764189,0.0,0.00026660872543844596,mine
Non-hyperemic,11,LAD,5.583999396986585317e-01,1.7,0.78,0.24,0.0,0.24,0.9056759204301098,,,,6.9640384493292755,,0.7252887064838395,,2.2247407126436776,3.35524,,,,,218.5433258454826,457.58007695583626,0.6935590339935441,1.2225345553981608,3.3777435485565483,0.23736565093066617,0.05173095001373966,0.1256843337182265,0.0010103833569652426,0.0,0.0005772518959142975,mine
Non-hyperemic,18,LAD,4.528590858545518127e-01,2.5,0.6799999999999999,0.24,0.0,0.24,0.9429564124782075,,,,7.859919513069869,,0.47548115769180094,2.000156973414627,2.2273547816091956,3.359183,11.954478020046443,1.1356754119044121,72.122823,446.08481299999994,206.18849700049495,203.5953779425802,0.16195007574354212,1.9336477024697274,1.471505897848199,0.23254385189045745,0.04172879725878237,0.11427913856038982,0.0010996936663021624,0.0,0.03472432583517972,mine
Non-hyperemic,20,LAD,4.528590858545518127e-01,2.7,0.6799999999999999,0.24,0.0,0.24,0.9395129712925312,,,,,,,,2.2286388965517245,3.361119,,,,,197.35880713035314,208.19777033284643,0.03829644457649778,1.0865002368602807,1.365481636076209,0.22686707393081315,0.044996535929644775,0.11291374391053959,0.0009504156831959385,0.0,0.0427262510479657,mine
Non-hyperemic,80,LAD,6.182608632229922296e-01,0.9,0.79,0.24,0.0,0.24,,,,,7.550864252144742,,0.6523740448670213,,2.2387672298850574,3.376394,,,72.621974,1206.01578,213.7914209802328,139.67142859278525,9.067810785302964,2.791949396484375,0.21920194358010756,0.1740025164790477,0.10889645261948483,0.07613685731705559,0.00022884524675174714,0.0,0.030072965607565748,mine
Non-hyperemic,74,LAD,4.058147879532344460e-01,2.0,0.9,0.24,0.0,0.24,,,,,8.891377452677842,,0.24069153044245636,,2.2313777931034484,3.36525,12.279237452983557,1.166527558033438,72.971077,370.916834,190.59191173453596,112.36267654195329,0.1463691675501021,2.405232266077529,0.1463691675501021,0.22824353082271576,0.03278732019098197,0.06872955623323024,0.00029536577112384307,0.0,0.06641727737226667,mine
Non-hyperemic,73,LAD,4.058147879532344460e-01,1.66,0.9,0.24,0.0,0.24,,,,,9.160319948464686,,0.2271693615211812,,2.219674172413793,3.347599,11.930788278712079,1.1334248864776475,72.406544,390.679194,209.0196941148098,99.18711281608243,0.2464122733198959,1.7113678722599175,0.1710160132646452,0.21097811652881188,0.025235538301956104,0.021577148953206567,8.374448450622009e-05,0.0,0.07483288191042224,mine
Non-hyperemic,26,LAD,5.883401703217540080e-01,2.5,0.78,0.24,0.0,0.24,0.8497845324176764,,,,6.506869145412376,,1.1502120289178175,2.321034218398372,2.231082183908047,3.364804,13.81331662019017,1.312265078918066,73.584895,779.126378,176.80616166586108,490.2939095107783,0.4029306558292767,5.127062708344647,1.3967860861800359,0.22968494561823102,0.04807180772531175,0.12322397947534353,0.0005386010705109561,0.0,0.008335279043436502,mine
Non-hyperemic,10,LAD,5.583999396986585317e-01,1.5,0.78,0.24,0.0,0.24,0.9117350346174757,,,,7.516776019343343,,0.7276982346234958,2.171493823712711,2.2067970804597703,3.328179,12.331382736963866,1.1714813600115672,74.824396,769.6030539999999,219.93583576235417,403.9865432939404,3.8420654499667717,4.924258209422906,1.0885457603880122,0.23965144497109298,0.0684537552652487,0.10815649484475623,0.0010235347238137466,0.0,0.001991989850699822,mine
Non-hyperemic,17,LAD,4.528590858545518127e-01,2.3,0.6799999999999999,0.24,0.0,0.24,0.9464369689996041,,,,,,,,2.203966298850575,3.323909,,,,,211.14250822508356,232.72388597745817,0.26420961873077325,4.280223793820011,1.696836115362898,0.23929424546588596,0.04347313045933717,0.11951282117617164,0.001158677886861824,0.0,0.025380927329952393,mine
Non-hyperemic,72,LAD,3.916117361723976398e-01,0.9,0.745,0.24,0.0,0.24,,,,,9.541164439384735,,0.11518651928354272,,2.23293156321839,3.367593,11.49621955840506,1.0921408580484808,75.189997,377.71490500000004,191.26361867820893,49.23816019873041,14.756467290201496,1.987439787240181,4.533511020704935,0.13498658483043288,0.0268677719590123,0.0,0.0006643002293895054,0.0,0.0,mine
Non-hyperemic,75,LAD,4.058147879532344460e-01,2.5,0.9,0.24,0.0,0.24,,,,,8.567901035305418,,0.280620228386275,,2.245895218390804,3.387144,12.68391170185256,1.2049716116759932,72.216948,366.609876,187.14202158933531,107.94053025339525,0.013657155940785187,1.4688808790231824,1.1341957499759623,0.1775753579063419,0.02496498724450577,0.08143090920977078,0.00018815865425066987,0.0,0.031330060944316306,mine
Non-hyperemic,81,LAD,6.182608632229936729e-01,1.66,0.79,0.24,0.0,0.24,,,,,6.3729137270552405,,1.086174182362659,,2.229768620689656,3.362823,,,72.306900,960.441831,195.48367947400348,607.1107877703655,0.9016748341087685,4.054002394996517,3.881930641904961,0.1989555114707983,0.05799765181444805,0.12345571871511046,0.0005443923775566173,0.00014497723240474878,0.00029478373753192975,mine
Non-hyperemic,53,LCX,4.514650552714571941e-01,2.5,0.73,0.24,0.0,0.24,0.942372077513285,,,,9.661427465175128,,0.5908154606440822,2.191071730652158,2.2265909310344822,3.358031,9.570495,0.53594772,198.081678,435.046658,210.6459049919182,134.7038104057972,0.20041920995410792,6.606279085701436,1.2939248514098098,0.1739313284144231,0.020049187622894676,0.05474685873080872,0.0009184366448873634,0.0,0.03919260370650541,mine
Non-hyperemic,54,LCX,6.085618729004409477e-01,1.2,0.875,0.24,0.0,0.24,0.8659012132771221,,,,8.031126882111646,,1.2437496961492192,2.4579176299671905,2.208449275862069,3.33067,10.898573,0.610320088,627.094326,1141.96969,240.49062291768843,601.3965617568539,12.478135233698367,2.0264800195678334,0.12217229321007399,0.1671096338707988,0.03377542251613047,0.1102096158399703,0.0008257975975094919,0.0,0.15227146941525896,mine
Non-hyperemic,62,LAD,1.113770310019458476e-01,2.0,0.43,0.24,0.0,0.24,,,,,8.153385556250777,,0.09589613997565509,,2.2145376781609203,3.339853,13.429491879205235,1.2758017285244974,73.055018,378.477252,199.29402426636653,44.89863098663997,1.120261943106552,1.120261943106552,22.34067916178347,0.05846868691198033,0.03230180712932269,0.0,0.0008025632197295686,0.0012219880225503713,0.0,mine
Non-hyperemic,65,LAD,2.048441957096109878e-01,1.66,0.5800000000000001,0.24,0.0,0.24,,,,,8.679724403565057,,0.10784118191248354,,2.225889873563218,3.356973,12.595212861397744,1.1965452218327857,73.134932,376.431805,191.06615077930138,48.99948549528125,1.7781096360674935,1.7781096360674935,16.31640701972059,0.057470650038258755,0.022474336573140314,0.0,0.00015953022646784053,0.0,0.0,mine
Non-hyperemic,37,LAD,1.221245327087672194e-15,0.1,0.251,0.24,0.0,0.24,0.9930412898502802,,,,7.464748200122109,,0.05230902239032178,0.9870322250879866,2.1566737413793096,3.346245,13.554973043539697,1.2877224391362712,83.699386,411.70346800000004,,,,,,,,,,,,mine
Non-hyperemic,64,LAD,1.971887809965851002e-01,0.9,0.43,0.24,0.0,0.24,,,,,8.768307490141263,,0.07448678355683279,,2.2500520919540223,3.393414,12.535497307942688,1.1908722442545554,72.792531,366.918236,188.5161329201262,42.66136280754607,24.810330483028675,2.6254508319050465,17.62139846876595,0.05975985054440484,0.02247909046932198,0.0,0.0002543316588637258,0.0,0.0,mine
Non-hyperemic,63,LAD,1.117331976597892851e-01,2.5,0.5800000000000001,0.24,0.0,0.24,,,,,7.888227221197462,,0.11854769166597216,,2.228377022988506,3.360724,13.841561576044196,1.3149483497241987,72.850399,377.025144,198.57981142278047,48.73507364773995,0.8192913884124853,0.8192913884124853,23.725751984088014,0.057276879141809386,0.02138990385691378,0.0,0.0003422491755730598,0.0006451034072246663,0.0,mine
Non-hyperemic,55,LCX,5.958056491849160752e-01,2.5,0.75,0.24,0.0,0.24,0.9328587626050047,,,,9.47622686284129,,0.6820385066975688,2.247874002804799,2.2358238965517243,3.371955,9.693691,0.542846696,226.982911,449.229216,197.961036936793,149.57568647165894,0.11143475623108139,6.1950882820929065,1.2690942528145766,0.1749489084648591,0.020718959035474042,0.05915989125179497,0.0006084150866351757,0.0,0.030088842235479397,mine
Non-hyperemic,52,LCX,4.576971761490250534e-01,1.2,0.735,0.24,0.0,0.24,0.9608383292486502,,,,9.877119303375704,,0.40256980009641363,2.028356808707746,2.227022563218391,3.358682,9.485029,0.5311616240000001,211.371272,605.776948,248.97232241422256,194.99762711790942,0.6553636678925154,2.7629290496779992,1.6405372212851388,0.19711839965903227,0.0327838534994658,0.09606447117322885,0.0011561980064187136,0.0,0.06376669898757775,mine
Non-hyperemic,9,LAD,5.583999396986579766e-01,1.2,0.78,0.24,0.0,0.24,0.9231933104831737,,,,7.19919996013136,,0.598950089681615,,2.2399745977011496,3.378215,,,,,293.215572390981,271.2835409558809,8.342805702361414,1.4097864526869799,3.084397620129963,0.2066367096268743,0.09792086055574589,0.07173460594374977,0.004004778844411725,0.006394600196336071,0.0009562334837220995,mine
Non-hyperemic,7,LAD,4.813122844963170222e-01,1.7,0.71,0.24,0.0,0.24,0.9455677266847731,,,,7.804836912952551,,0.4492909434590241,,2.2346099310344827,3.370125,,,,,214.35709021676396,284.34897046370054,0.5730638614908028,4.830902876811994,1.913321991859252,0.24746934579453617,0.04769830308653248,0.11420437121924885,0.0012579418812578,0.0,0.007936993801925772,mine
Non-hyperemic,1,LAD,4.528590858545522568e-01,1.2,0.6799999999999999,0.24,0.0,0.24,0.9647781113941406,,,,7.977153506003446,,0.29122801280626165,1.7886028499351205,2.227648701149425,3.359626,11.91748397702665,1.1321609778175319,73.296575,502.17770099999996,216.27901319144493,155.28285220997938,0.938689646812314,4.909217474778357,0.3938445925995353,0.21310696412245836,0.07798544697716997,0.05596339514277292,0.0017793265176564972,0.0,0.00634588597096732,mine
Non-hyperemic,6,LAD,4.813122844963169111e-01,1.5,0.71,0.24,0.0,0.24,0.9492537556593142,,,,8.067110786061132,,0.4312604218126099,1.967352131939675,2.210532298850574,3.333812,11.693425450243307,1.1108754177731142,73.222563,544.47041,222.24316959668704,257.1140475267293,2.023638888638396,6.7074905998226955,0.6070373220630126,0.24881352636097065,0.04990438326697317,0.08787465570191969,0.0021995647281918998,0.0,0.005448232521066383,mine
Non-hyperemic,8,LAD,4.813122844963170222e-01,2.0,0.71,0.24,0.0,0.24,0.9420958672358588,,,,7.458188926498674,,0.4584034139191364,1.9614118018434537,2.2229496896551715,3.352539,12.600573771302383,1.1970545082737263,73.935341,486.440241,183.27597524981385,292.1908383218902,0.463671018790445,3.9321621593859106,2.8385851167314207,0.24504527047705912,0.04597185432934013,0.1315565336079811,0.0007950191236881267,0.0,0.007730966904337427,mine
Non-hyperemic,70,LAD,3.088178607003733145e-01,2.0,0.745,0.24,0.0,0.24,,,,,8.675130947896852,,0.14928628813336775,,2.22492116091954,3.355512,12.588602321184784,1.1959172205125546,72.029876,426.53857400000004,214.9669252229425,67.4989193616136,0.8775820638263713,0.8775820638263713,,0.0924217482974152,0.0338048880100131,0.0,0.0009033320989799214,0.0007959298943752502,0.0,mine
Non-hyperemic,48,LCX,3.025495305936860557e-01,0.9,0.61,0.24,0.0,0.24,0.9889002870717984,,,,8.659774615464519,,0.09719990327761374,1.3457569147434612,2.230621333333334,3.364109,11.027147857112574,0.6175202799983042,82.268671,442.209096,224.7735732943216,51.99510656124145,0.21485570837454285,6.147477707417214,0.17542850312406932,0.12979330500764247,0.0270761424666818,0.0,0.024261561833250796,0.0,0.08795381073548944,mine
Non-hyperemic,83,LAD,6.182608632229936729e-01,2.5,0.79,0.24,0.0,0.24,,,,,5.916585869468815,,1.3485994519006685,,2.2450671724137945,3.385896,,,73.738332,852.979215,184.62071846528175,573.2919856747492,0.5006534469300499,2.553765858893927,2.02185921581647,0.18582817124404194,0.021351976247904594,0.11511558239034779,0.0003391995932285953,0.00046258521277146804,0.00409122918131048,mine
Non-hyperemic,77,LAD,4.829328158151106054e-01,1.66,0.69,0.24,0.0,0.24,,,,,7.471140466169564,,0.4805192795006169,,2.247051183908047,3.388888,,,72.580563,566.905208,161.6608833981458,324.3907782245379,0.4385971868568071,2.5848090517115114,3.7293101388654795,0.22965899407657928,0.05797533548948655,0.1223571992157613,0.00032141679478633103,0.0,0.0034709110687693354,mine
Non-hyperemic,79,LAD,4.944557232826486404e-01,2.5,0.69,0.24,0.0,0.24,,,,,7.15702250279729,,0.6542792257226983,,2.2413437586206895,3.38028,,,72.702594,529.12075,191.4719876735292,273.3357389142946,0.07876246470258026,1.6246770516978466,1.8448484940192258,0.1836190656158671,0.022770163825473082,0.11202890229362678,0.0004968509987861925,0.0005412571468501135,0.014772356596577428,mine
Non-hyperemic,12,LAD,5.583999396986588648e-01,2.0,0.78,0.24,0.0,0.24,0.9002473891939934,,,,6.809877813482549,,0.7545737975124522,2.1468454957748047,2.2313540229885054,3.365214,13.533511749986648,1.2856836162487315,72.906778,688.576489,200.69788349164918,539.827613101586,0.5423775976336767,4.221895807132415,2.682331630122515,0.23353897126368992,0.0442518739037604,0.13623720602752468,0.0010895777312652857,0.0,0.001874553084632572,mine
Non-hyperemic,15,LAD,5.908588520863007343e-01,1.7,0.81,0.24,0.0,0.24,0.8788557494826271,,,,6.858534730980205,,0.9454020755068132,2.252231496490698,2.2007102758620682,3.318999,13.302685838340109,1.2637551546423103,73.594507,884.939476,214.88477384609936,572.6853923076028,1.7171297346827847,3.280733021097323,4.629122747316066,0.23249633480775517,0.054289713139348245,0.1257443932576113,0.0005659536321983718,0.0,0.0002994330879892305,mine
Non-hyperemic,78,LAD,4.829328158151106054e-01,2.0,0.69,0.24,0.0,0.24,,,,,7.340950665806484,,0.5347555054853526,,2.229771816091953,3.362828,14.778912125676614,1.4039966519392784,71.801090,542.181737,183.13582576385647,315.62868951324384,0.5601945470663319,2.256168036139379,1.9999489342663397,0.22243938614210274,0.04539702280641859,0.12785923132793975,0.00039144938475073316,0.0,0.007327893056800398,mine
Non-hyperemic,49,LCX,3.007901338947706060e-01,3.0,0.9,0.24,0.0,0.24,0.9731681898802419,,,,9.973817985986823,,0.27499418204571535,1.8639489039105845,2.2357952758620696,3.371912,9.460822219153762,0.5298060442726107,75.109263,372.074982,186.67198957084653,43.87251004231281,1.0738346695627479,3.2354958886979888,7.396480675794476,0.09397668469142423,0.022234512324554385,0.0,0.0010777165826374945,0.0,0.0,mine
Non-hyperemic,76,LAD,4.980058769521806816e-01,0.9,0.69,0.24,0.0,0.24,,,,,8.132169964523014,,0.29003144955059745,,2.2483682183908043,3.390874,13.42973512149653,1.2758248365421703,72.488290,665.184074,199.867632558675,104.85722724698682,1.0412710490021568,0.9072509689451941,0.3619741358884784,0.16249425952902904,0.09096958024114572,0.02038042808088674,0.006276169708159676,0.0033884317307347526,0.014466866224280409,mine
Non-hyperemic,82,LAD,6.182608632229936729e-01,2.0,0.79,0.24,0.0,0.24,,,,,6.20732936224405,,1.1907413270302238,,2.239165701149425,3.376995,,,72.869805,925.797219,192.93982863263747,664.7859390593799,0.7015807615532946,0.8931695498947707,3.369008542385262,0.1916373248652848,0.023873220945818067,0.12670337148611954,0.00013919531898147405,0.0,0.001734462200287446,mine
Non-hyperemic,71,LAD,3.090435692874633489e-01,2.5,0.9,0.24,0.0,0.24,,,,,8.208855607562766,,0.20468585740826145,,2.2371156666666674,3.373904,13.24723795022439,1.258487605271317,71.583933,355.29285100000004,175.06574911946728,79.99429624851169,0.31094784179909224,0.31094784179909224,6.536665709621767,0.1494278423061315,0.02271077146136564,0.03322585214773109,0.00021249789388315578,0.0001557565801737157,0.0,mine
Non-hyperemic,25,LAD,5.583999396986588648e-01,2.5,0.78,0.24,0.0,0.24,0.880079226245919,,,,6.660137479727859,,0.9075192506070395,2.2217172590875394,2.229073816091954,3.361775,13.699126212822955,1.3014169902181807,73.512420,660.457401,187.97213165721092,401.136847704374,0.3293240105197926,3.0292420692749276,1.4859416519086108,0.23154557186121102,0.04452184001607584,0.12122973468170985,0.00031499199758615293,0.0,0.00839696803131221,mine
Non-hyperemic,22,LAD,4.813122844963170222e-01,2.5,0.71,0.24,0.0,0.24,0.9297892177750497,,,,7.503014288884842,,0.5665719629747614,2.0586962664285737,2.2300898965517244,3.363308,12.448387330062019,1.1825967963558919,72.287610,479.266001,181.29647071920988,253.7670243747511,0.10596013327672447,2.195178172961216,1.5390425980776377,0.2336671911572692,0.044966889003711555,0.11847371133003028,0.0021963718946901196,0.0,0.0230863995221608,mine
Non-hyperemic,14,LAD,5.908588520863007343e-01,1.5,0.81,0.24,0.0,0.24,0.886219332522125,,,,6.705394173903837,,0.8608977448480419,2.200213909552309,2.2169028850574715,3.34342,13.655007418841352,1.2972257047899285,73.661517,936.706734,241.06127648974456,526.3289993863617,2.3915107059106546,0.9899711539731451,0.962662722816192,0.23219403980162437,0.07340976268843519,0.12227827907018002,0.001080331174031596,0.0,0.0004130237029104192,mine
Non-hyperemic,13,LAD,5.908588520863005122e-01,1.2,0.81,0.24,0.0,0.24,0.9008489519258616,,,,7.027176196100489,,0.7734391912822509,2.170658926158348,2.222720379310345,3.352193,13.131717409617982,1.2475131539137083,72.690392,962.312151,338.28889432788003,339.06320847374724,2.901735293729768,0.41539289023324794,2.2500415013426087,0.2058821509028046,0.10119732593478993,0.08652279608641361,0.004540237849704052,0.006812162796746053,0.003947194069949019,mine
Hyperemic,57,LCX,5.985359125502809352e-01,0.9,0.5700000000000001,0.81,0.0,0.81,0.871184874015162,1.170548206300123,1.3436277892489565,2,5.710697872743237,1.2648403388270182,0.8443951311371876,2.1641176994981737,2.578639390804597,4.021568,14.553997660503695,0.8150238689882069,670.195732,1426.242068,294.62593529979483,667.8932333138738,9.170895035202573,8.226743597903061,0.011393714070600528,0.16890148042164477,0.03991963350665286,0.12585422986749323,0.023433968135060244,0.0,0.1214833661856901,mine
Hyperemic,92,LAD,2.982273990851341816e-01,0.9,0.745,0.24,0.0,0.24,0.9426890656164324,3.150224971897328,3.3417434091455904,0,2.3507809155459753,3.759671928362703,0.14291610639707608,0.9634924597598253,7.451273022988503,12.274321,39.096960528590735,3.71421125021612,1080.360693,1976.155823,882.3676985262048,264.7950132945944,31.295791551441738,3.099783261350577,3.2038913472306745,,0.258000517709216,0.18687555420246774,0.00020868178740470177,0.0,0.0006611775555870974,mine
Hyperemic,59,LCX,5.951443504385723893e-01,3.0,0.76,0.81,0.0,0.81,0.8944526595136972,1.1940792478245132,1.3349831711314037,2,7.435574061537173,1.267146075848457,0.8774137555931402,2.282566047249034,2.5989340574712645,4.065986,11.513110456902494,0.6447341855865397,240.665168,562.77639,265.042827631728,182.51978861540942,0.1182917395117803,5.948608701557494,0.28866843534404507,0.20659915155063757,0.03729076541086709,0.057739541960126914,0.00034629131196176266,0.0,0.00839307532401496,mine
Hyperemic,95,LAD,3.090435692874633489e-01,2.5,0.9,0.24,0.0,0.24,0.8580900450436191,3.161434699589238,3.6842691718076437,0,2.0049808830679297,4.094231359952895,0.3315814563378503,1.2991349614465406,7.273192149425287,11.947408,41.8802777295548,3.978626384307706,947.325016,1745.8551320000001,817.665875779977,446.49258043970497,0.6398242668267388,6.527743080074751,0.7185282605650491,,0.25982933418363796,0.19572259870067554,0.0,0.0,0.022534018757299656,mine
Hyperemic,35,LAD,5.883401703217540080e-01,2.5,0.78,0.62,0.0,0.62,0.7524762786789294,1.3783504078165727,1.8317526370883708,3,3.8184426474726645,1.7040636055432485,1.2560597065104278,2.2199069581637136,2.9805056091954043,4.876324,19.039590596738563,1.8087611066901634,254.535953,1127.190525,284.57443510782736,770.9197410997666,0.8129417085612887,0.8129417085612887,1.4298683624362236,0.40137086775107206,0.08256782661403066,0.13713020168813692,0.0,0.0,0.00473232372408208,mine
Hyperemic,32,LAD,4.528590858545518127e-01,2.5,0.6799999999999999,0.62,0.0,0.62,0.892390459788147,1.5526030205373342,1.7398247633731105,2,4.650418108917386,1.6901532999792253,0.5607739852040513,1.880751093359114,3.2739604597701137,5.556566,18.560558682871278,1.7632530748727715,295.008377,780.2767,378.6503972045427,395.5863340894741,0.5046602879202745,4.266627489522906,2.1179692142786073,0.4873187981187342,0.09114657277755861,0.14618628648696172,0.0,0.0,0.00795074674206897,mine
Hyperemic,94,LAD,3.088178607003733145e-01,2.0,0.745,0.24,0.0,0.24,0.9007144043524945,3.1692111940367234,3.5185528051091906,0,2.2166152875756215,3.9136836222875204,0.24433712626869988,1.1876150460317667,7.376683494252875,12.306007,39.895939393575496,3.7901142423896723,1019.421368,1927.829155,953.3500623637241,388.52649107029987,0.3691789383077043,14.460387712639243,,,0.24275191296779225,0.21564348617148899,0.0,0.0,0.007449042842249646,mine
Hyperemic,93,LAD,3.090435692874629048e-01,1.66,0.9,0.24,0.0,0.24,0.8860443883128815,3.1892115221060156,3.5993812095335294,0,2.235752530283645,3.986197024346698,0.28754377379965834,1.2676649162657627,7.324861252873563,12.241098,39.047508829410155,3.7095133387939647,854.119079,1945.891685,917.5520624801386,430.0645835787221,1.7536831997797404,9.163103881224995,3.909043776632259,0.9165664287722468,0.27860745253543806,0.21112736712801497,0.0,0.0,0.0006884419653576181,mine
Hyperemic,58,LCX,5.951443504385723893e-01,3.0,0.76,0.24,0.0,0.24,0.6407680732658327,2.961558419751281,4.621888235874436,1,2.0600894596554786,4.573567642704746,1.154941915356269,2.007434598373335,6.725018758620688,10.989131,28.55484614885217,1.5990713843357216,814.901746,1735.756854,888.6050456617386,595.7586515005607,0.7343394324868007,20.87221544489923,0.7389900601018516,0.9324970113433937,0.19098162987341988,0.09825031577537102,0.0,0.0,0.0,mine
Hyperemic,56,LCX,5.985359125502809352e-01,0.9,0.5700000000000001,0.24,0.0,0.24,0.5725204434051464,3.2421482586018446,5.662938845150592,1,1.3105312559727094,5.511597681764641,0.9785245691400833,1.7857001467906453,6.556845,10.417828,40.311213085229454,2.2574279327728495,1866.911607,3448.9948889999996,1035.856330639133,1727.5603525630877,13.283891052481215,22.323158889057314,0.19446787575133023,,0.20974386397361602,0.1535249854322838,0.015276951287763477,0.0,0.0614470907738903,mine
Hyperemic,33,LAD,4.528590858545518127e-01,2.5,0.6799999999999999,0.81,0.0,0.81,0.9242396619474421,1.198725147218879,1.2969851831429473,2,6.243739234486017,1.2588481385733106,0.5118020948375821,1.9534061049319709,2.599016574712644,4.135181,14.330133424505023,1.3613626753279773,209.035986,571.3153990000001,275.26502616691073,266.9543567388504,0.27694360990675776,4.293485120164274,1.7477184441671059,0.2921284640910084,0.06990405330664987,0.13019947137384932,0.00036841047777691927,0.0,0.01734408556713282,mine
Hyperemic,34,LAD,5.883401703217540080e-01,2.5,0.78,0.43,0.0,0.43,0.6533788530461884,1.8094313937856326,2.769344898981175,3,2.5222098057043003,2.5798286608418772,1.338046451358861,2.1291853827453195,3.8699008735632203,6.417136,24.99424874487294,2.3744536307629294,362.853009,1503.760284,379.06635649288506,1042.4395937926877,1.216785458933648,1.604850443863464,1.4033508037201832,0.6211886174997983,0.1117297417582138,0.1466332696489874,0.0003761437703078231,0.0008048483573979366,0.003321648956283079,mine
Hyperemic,111,LAD,4.525374451060918402e-01,1.2,0.63,0.24,0.19,0.43,0.8889360184311332,2.2428930512117127,2.523120904888243,0,3.2101839803613754,2.4849521257362466,0.40108152559367605,1.576793795882798,4.5410628045977,7.626985,26.729642,2.53931599,518.472116,1168.753391,562.3598071506252,440.49523074135374,2.629587146422291,0.8643965371477126,1.2300363823238074,0.6075428609586504,0.2222343731135349,0.17220010105316189,0.0001310074742704122,0.00029720608582322765,0.00010391822850698305,mine
Hyperemic,116,LAD,5.883401703217540080e-01,2.5,0.78,0.24,0.5700000000000001,0.81,0.8166381838493407,1.1020349723794594,1.3494776440465472,2,5.194848557988097,1.252561854841137,1.166412353792242,2.284913047197133,2.427707344827587,4.038931,15.222758,1.44616201,150.960787,720.038195,173.44518845571412,439.797154195298,0.3490536152957259,5.967180364220549,1.3737480971494567,0.21811198419236527,0.0410192876929608,0.12024687624549293,0.0004201541757749829,0.0,0.010032206760505785,mine
Hyperemic,129,LCX,4.576971761490250534e-01,1.2,0.735,0.24,0.5700000000000001,0.81,0.9482199325887352,1.2070869788589997,1.2730031687517174,2,7.9286144344352705,1.2457560378365427,0.43296304557968895,1.9782278815187073,2.648519494252873,4.571146,11.449255,0.6411582800000001,224.259134,613.019994,274.0256533751866,202.7016959994876,0.8949331550378342,3.192591169281267,1.6493272093952596,0.20034228482497768,0.035643470469058754,0.10179873856317138,0.0010540772838637288,0.0,0.06211572904827795,mine
Hyperemic,120,LCX,5.958056491849160752e-01,2.5,0.75,0.24,0.0,0.24,0.678970878357444,3.1868253279375214,4.6936112129684275,1,2.0269254054777686,4.675172967506241,0.9583652308176727,1.892237897068202,6.868247402298853,11.318626,30.892100,1.7299576,914.854044,1912.970233,964.3158395974342,726.8516891666275,0.32736349324449954,25.240456891993567,1.6564164008112117,0.9375002678138397,0.1931990837431375,0.11655729402351092,0.0,0.0,0.0011116566882610258,mine
Hyperemic,127,LCX,6.085618729004409477e-01,1.2,0.875,0.24,0.38,0.62,0.7759273511764132,1.4673904556128585,1.891144130166428,3,4.6151699648150615,1.7401584217567312,1.332770854409606,2.3213944391910184,3.1663011264367817,5.418461,15.992462,0.895577872,839.240191,1458.701919,377.0247416059229,802.3201540745029,5.593897734722575,3.8550884554035743,0.1688090139898543,0.23307213188605747,0.046949613015248776,0.12324602476223273,7.684187529363527e-05,0.0,0.14381542575836737,mine
Hyperemic,118,LCX,4.514650552714571941e-01,2.5,0.73,0.24,0.0,0.24,0.7094395303526694,3.231956445304031,4.5556475316471206,1,2.113886121148748,4.570457873068785,0.8657703974243208,1.8475571118909686,6.945683643678159,11.453645,30.931423,1.7321596879999999,874.188541,2045.934931,1038.0315694817007,630.005838281713,0.43032882828374186,26.419597369363878,1.1659075878928444,0.9360034118191854,0.18885273789739715,0.11992939890386793,0.0,0.0,0.001365351686027892,mine
Hyperemic,126,LCX,4.514650552714571941e-01,2.5,0.73,0.24,0.38,0.62,0.8953365232649928,1.5733812096448514,1.7573070781333218,2,5.666777534604797,1.7049244312444887,0.6624376681213854,2.0439309395953282,3.335200091954025,5.844595,15.058037,0.843250072,281.493904,679.507668,344.5178416842959,219.872398592204,0.02183191724530002,6.628635908183838,1.3569206066033639,0.3137157106739643,0.04577670169395933,0.08256773097517564,0.00019056514272091656,0.0,0.013293006062440327,mine
Hyperemic,119,LCX,6.085618729004409477e-01,1.2,0.875,0.24,0.0,0.24,0.5140494666865504,3.129229395444706,6.087409088496929,1,1.3906793496207963,5.774966662373706,1.3146621393701543,1.9865613970053955,6.350474195402299,10.372103,34.104135,1.90983156,1779.670692,3136.1338889999997,1186.2155075647986,1542.4364892029496,8.802484090827354,12.396041114271965,0.4863908462170071,0.9472003356354711,0.22626115086830065,0.15088813966402057,0.0,0.0,0.07050449751253265,mine
Hyperemic,121,LCX,4.576971761490250534e-01,1.2,0.735,0.24,0.19,0.43,0.8771882214354666,2.1748304617729683,2.4793201830890834,0,4.008498587588499,2.4640446011277626,0.5612146046712286,1.8352191737235688,4.581854528735632,7.788293,20.628330,1.15518648,565.700703,1386.37875,665.4031701190626,491.5476792038021,1.6389468541991141,6.870066184519144,1.8316408516227434,0.624552980434571,0.07767791715432412,0.15428249250759885,0.0,0.0,0.02051045470925659,mine
Hyperemic,117,LCX,4.576971761490250534e-01,1.2,0.735,0.24,0.0,0.24,0.7633509844999562,3.522942417993661,4.615101689167814,1,2.1000310414596703,4.703320621637291,0.6510377121037054,1.6902162182979117,7.05945393103448,11.686998,33.415211,1.871251816,991.005678,2500.0057580000002,1213.5397617330652,768.5393227564314,9.496603664939455,2.36973080209538,0.48753598373257573,,0.20993316257743586,0.19687212678209787,0.0,0.0,0.022345151475115736,mine
Hyperemic,128,LCX,5.958056491849160752e-01,2.5,0.75,0.24,0.38,0.62,0.8797203230401824,1.5686564591340906,1.7831308633555805,2,5.504247509111858,1.7216207750749084,0.7525677138103523,2.0950828484082424,3.316625,5.793952,15.206071,0.851539976,317.585836,673.383898,321.05634743368086,240.91895230266218,0.12596086363086975,8.183769725467538,1.3877554824294864,0.30580223809541707,0.04499089197371451,0.08238470476354053,0.00011965436883211034,0.0,0.012576345135691072,mine
Hyperemic,110,LAD,1.221245327087672194e-15,0.1,0.251,0.24,0.5700000000000001,0.81,0.9898963582279641,1.282190672321797,1.295277694138683,2,5.513633383021434,1.3538709742851052,0.05627637287615729,0.9108291069365445,2.685654551724138,5.023058,17.380060,1.6511057,195.253419,397.139867,206.79723770214628,206.79723770214628,,6.01875724444008,1.1796007781868574,0.0598552293886495,0.04299937322490722,0.03204688506968395,0.0009648959300071628,0.0,0.001548386233849482,mine
Hyperemic,132,LCX,5.958056491849160752e-01,2.5,0.75,0.24,0.5700000000000001,0.81,0.9144616372625353,1.2112830912394466,1.3245860098248123,2,7.459666761123584,1.2703284431185462,0.6977741386984039,2.174534322510735,2.6259829310344838,4.339854,11.741804,0.657541024,225.551613,456.903904,210.7046763323388,151.9770829261261,0.15041563393343285,8.688619370568246,1.2407559925760052,0.1751995166764045,0.021516101824253953,0.06196626621705123,0.000679282199655004,0.0,0.027830269362039545,mine
Hyperemic,103,LAD,4.944557232826486404e-01,2.5,0.69,0.24,0.0,0.24,0.6214384575111933,,,,1.5205101546264728,4.706987638997701,0.9262488707418363,1.7778218144192954,6.1067292183908055,9.954753,38.85618488292384,3.691337563877765,688.197819,1822.759157,571.0289508765883,1117.7019262520391,0.7048849075325394,5.556452433423626,2.312529555876469,0.8664577161739683,0.19548502124415731,0.15714926184026268,0.0,0.0,0.000506247944479506,mine
Hyperemic,104,LAD,6.182608632229922296e-01,0.9,0.79,0.24,0.0,0.24,0.6092226570253605,,,,1.731645436564977,4.360514047912261,1.1107397186753882,1.9086584518725014,6.229532206896553,9.86633,34.475306023081764,3.2751540721927674,790.071542,3936.998691,680.2403063880718,586.5090309577638,18.388692409648385,2.610195741575552,2.6325480168583484,0.8667588052806204,0.3257684032428406,0.1258824250249073,0.0,0.0,0.0,mine
Hyperemic,3,LAD,4.528590858545522568e-01,1.7,0.6799999999999999,0.24,0.0,0.24,0.7459706653071306,3.438357286780901,4.609239272653252,1,1.785816657750426,4.523932556132727,0.6081335882893033,1.5796530158355424,6.790127793103449,8.919556,40.26245522901479,3.8249332467564052,853.378861,2082.0361080000002,,,1.1392962820648316,,,,,,,,,mine
Hyperemic,4,LAD,4.407935948725615338e-01,2.0,0.6699999999999999,0.24,0.0,0.24,0.7479367253707507,3.4488042958828578,4.6110909905825155,1,1.790297888994485,4.5467148313113555,0.603350969613224,1.5782547678061498,6.762165206896554,10.876202,40.07463052652861,3.807089900020218,781.208763,1783.614223,841.1157410064193,1001.1011708572669,0.2749542307485164,1.661024744610349,7.1777998199202875,0.9065415447865215,0.2306085094703569,0.20974856204508438,0.0,0.0,0.0,mine
Hyperemic,105,LAD,6.182608632229936729e-01,1.66,0.79,0.24,0.0,0.24,0.4854320423995582,,,,1.302850696108104,4.891515003286646,1.3810485571590094,1.97467912420623,5.636134655172415,8.970219,36.82002712321218,3.497902576705157,635.728847,2565.304714,546.8623969262701,1837.3815561315628,2.146444544145116,1.1662791232446703,4.240137628100795,0.8694731353088281,0.25708164269341727,0.18532831570747765,0.0,0.0,0.0,mine
Hyperemic,102,LAD,4.829328158151106054e-01,2.0,0.69,0.24,0.0,0.24,0.6602578837271678,2.800426604183657,4.241413352575509,1,1.5527288145548812,4.727773837256254,0.7989717146227467,1.6862190227307816,6.343399793103448,10.37623,41.387258697637236,3.9317895762755373,738.104042,2016.9645639999999,627.5281643998342,1349.616545033686,0.6354246012495598,4.108480374279441,6.304345123373613,0.9065772779674406,0.23596293326201484,0.1944380562723952,0.0,0.0,0.0,mine
Hyperemic,5,LAD,4.813122844963183544e-01,1.2,0.71,0.24,0.0,0.24,0.7440427260355219,,,,1.7046614561576394,4.428578831403934,0.5864186075378639,,6.701941919540231,10.671385,,,554.574982,1365.681849,982.1901587301684,905.2586431544573,6.11657980511664,3.2946231640161283,3.661837349076865,,0.2760529649898376,0.25215725021616037,0.0,0.0,0.00015103683112510102,mine
Hyperemic,2,LAD,4.528590858545522568e-01,1.5,0.6799999999999999,0.24,0.0,0.24,0.7605385350066943,3.397680536245736,4.467466643509168,1,1.8455259175423024,4.4129187656598505,0.5810781696865688,1.5678233642069228,6.758107022988508,10.629883,39.53351914116935,3.755684318411088,745.969052,1900.432391,,,3.4716827247900253,,,,,,,,,mine
Hyperemic,16,LAD,5.908588520863007343e-01,2.0,0.81,0.24,0.0,0.24,0.5170823897728608,2.7274098216939056,5.274613631479458,1,1.2625121137312798,4.9487671851488155,1.1790951401646894,1.8737223277544086,5.723283206896553,7.86791,39.66256541747074,3.76794371465972,581.733328,2169.667977,,,0.7341192484426368,,,,,,,,,mine
Hyperemic,29,LAD,5.744822650154264299e-01,3.0,0.6699999999999999,0.24,0.0,0.24,0.5218719525590396,,,,,,,,5.710921896551725,8.978154,36.73092601819765,3.4894379717287767,641.741912,1830.526006,555.8838788379963,1059.1460137415613,,3.858521911399193,0.8687001676422706,0.8749396498089799,0.16587062931237898,0.15022434067439644,0.0,0.0,0.0002386836165743811,mine
Hyperemic,11,LAD,5.583999396986585317e-01,1.7,0.78,0.24,0.0,0.24,0.5897835616470474,,,,1.4967669656608036,4.65272056980142,1.0410571837286555,1.8401119659245475,5.999472436781613,9.301468,37.83701779246992,3.594516690284643,694.570039,2346.957536,685.0532819002452,1616.8743237681167,2.3939692676470035,1.3443801270665623,9.381607927292322,0.8904057626403128,0.22679635213458615,0.1971204706129845,0.0002060665901003062,0.0004465721421845994,0.0,mine
Hyperemic,27,LAD,4.407935948725619779e-01,3.0,0.6699999999999999,0.24,0.0,0.24,0.6908273680772723,,,,1.7142826332692163,,0.7672094333239904,1.6980714161601198,6.518807241379308,10.476556,38.67201466664966,3.6738413933317178,807.217486,1641.570559,689.4221650493502,931.1602990863101,,1.5669983834350605,1.1047179436472,0.9060391386550679,0.1970180567653972,0.16883242330995393,0.0,0.0,0.0,mine
Hyperemic,18,LAD,4.528590858545518127e-01,2.5,0.6799999999999999,0.24,0.0,0.24,0.6988151738335279,3.2824220636333674,4.69712477138527,1,1.710498439765139,4.5951047544650665,0.7372137791636029,1.6744226827412831,6.511574356321841,10.717489,39.239642412220576,3.727766029160955,769.259048,1876.517458,,,0.24910543478014224,,,,,,,,,mine
Hyperemic,87,LAD,1.117331976597892851e-01,2.5,0.5800000000000001,0.24,0.0,0.24,0.9190806492490631,3.1806542804442066,3.4606911624599728,0,2.0545491064470114,3.8393958053593527,0.18089030588931124,1.0142680176357821,7.4895322183908055,12.616206,44.02522207487703,4.182396097113318,1040.859337,1941.872063,905.6923312107253,228.7479913807293,1.5519494801002156,1.5519494801002156,67.94763266245519,,0.25988387318474165,0.30027500597382684,0.0,0.0,0.0,mine
Hyperemic,45,LAD,5.885181794294424007e-01,1.2,0.63,0.43,0.0,0.43,0.7568711198149919,2.079651817882273,2.7476960917607998,1,2.6759587677888668,2.62604053570938,0.8595953017639165,1.898536154619667,4.1635699885057464,6.954037,27.30939998282833,2.5943929983686917,438.439425,1938.923303,643.1548609246648,800.2244054301929,14.099995865580711,2.931991490019778,3.3248249766003624,0.6411970885104128,0.2363266009707142,0.19106190213997723,0.0,0.0,0.0,mine
Hyperemic,89,LAD,2.048441957096109878e-01,1.66,0.5800000000000001,0.24,0.0,0.24,0.932418819267343,3.152125548743443,3.380589798927756,0,2.299125841820929,3.775228065241803,0.16663932112107277,1.02352274885987,7.4661003563218395,12.452738,39.70169225227384,3.7716607639660147,947.215095,1932.360311,918.1260622813408,245.4314955268868,4.362939738652074,4.362939738652074,34.17916654701156,,0.27283952198638906,0.23801104765331796,,0.0,0.0,mine
Hyperemic,42,LAD,4.525374451060918402e-01,1.2,0.63,0.43,0.0,0.43,0.8878546018955159,2.240557685693267,2.5235637467101166,0,3.208640971021866,2.486147118997529,0.4052851878014498,1.581774304936818,4.533894816091955,7.645781,26.701810318853422,2.536671980291075,572.029588,1276.5235950000001,617.0461792914975,486.585453214505,3.3964194196624065,0.7368843463735306,1.6346310550879493,0.6710307695376518,0.23243885069333553,0.18818282037022646,5.7666517467495204e-05,0.00013082337504037974,0.0005915221433868994,mine
Hyperemic,26,LAD,5.883401703217540080e-01,2.5,0.78,0.24,0.0,0.24,0.4838699627372058,2.5595415607382277,5.289730212347028,1,1.3158484317111423,4.944998974502542,1.4035773087657295,1.99933046591502,5.521073758620689,8.554116,35.35575798101285,3.3587970081962206,555.281961,,498.45167022310807,1382.0682300726066,0.8105315919675893,4.398622812674697,0.9641121483925308,0.8542600556361211,0.16762232891311166,0.15436960153166765,0.0,0.0,0.0031528710311348545,mine
Hyperemic,10,LAD,5.583999396986585317e-01,1.5,0.78,0.24,0.0,0.24,0.6034385529576421,2.8862789515972147,4.783053614076618,1,1.6162439707701814,4.650768173174628,1.0621463356636076,1.8753885552791325,4.644740482758621,7.042027,35.591810437788055,3.3812219915898654,828.289080,2343.246802,723.0299951160384,1425.0936520585053,6.554413139143866,0.9551967596682551,7.991082504656526,0.8796688121457623,0.24314465535758917,0.2119117026157337,0.00010667399067943322,0.00023344319421472054,0.0,mine
Hyperemic,28,LAD,4.791821992728508839e-01,3.0,0.6699999999999999,0.24,0.0,0.24,0.6341173095287673,,,,1.5450343648895741,,0.8914775260060365,1.755498357922374,6.26949251724138,10.018652,39.37008215517887,3.7401578047419926,776.568645,1719.913802,702.9437028692568,1087.7114303819303,0.6199882322180928,2.9468878609798588,1.8407738849780304,0.896448050344565,0.18892419147929976,0.16163791075152942,0.0,0.0,0.00012477848617099312,mine
Hyperemic,88,LAD,1.971887809965851002e-01,0.9,0.43,0.24,0.0,0.24,0.955572398391019,3.1726530784528886,3.3201598160379713,0,2.3573700823947332,3.719529468717946,0.10960163671733375,0.8408071658169932,7.529893551724139,12.589395,39.77078412398227,3.778224491778315,1044.787504,1891.5382020000002,852.1112578170527,,84.72044971874178,9.104427070039604,,,0.270316769622192,,,0.0,,mine
Hyperemic,43,LAD,4.525374451060918402e-01,1.2,0.63,0.62,0.0,0.62,0.9305854312075453,1.6073858852545055,1.7272846010158691,2,4.6982021133792164,1.697916205709128,0.3504500101369882,1.6628756296108915,3.345518252873563,5.622249,19.155995532419368,1.81981957557984,376.756850,879.953135,428.0651502712763,318.27080780434557,1.5539238746983945,3.4747285776189045,0.8221760058685452,0.4784084697921411,0.18029069984457766,0.1249790736996265,0.00012309315188520128,8.15505608154954e-05,0.0010212787304176981,mine
Hyperemic,44,LAD,4.525374451060918402e-01,1.2,0.63,0.81,0.0,0.81,0.9521845720622448,1.2417802966124343,1.3041382238771018,2,6.228996279391036,1.2806483016206447,0.3127987277473944,1.7255899165028812,2.641871827586207,4.307206,14.798896787866086,1.4058951948472782,265.821498,644.577906,315.5809588680083,219.20823757035095,1.170979141765698,4.934876195125481,1.6682006892103798,0.29871774129805934,0.12847612285610127,0.08438456743055289,0.0006617863568095172,0.0,0.002517894270148114,mine
Hyperemic,86,LAD,1.113770310019458476e-01,2.0,0.43,0.24,0.0,0.24,0.9376209580254835,3.1644305821243535,3.3749571775659346,0,2.1706434577333726,3.756206726260193,0.14441087115501475,0.9317990137180282,7.493182551724139,12.631045,42.4966948049477,4.037186006470032,949.370312,2003.333109,979.650865313902,212.6642977426254,4.646975943657963,4.646975943657963,65.27433742433041,0.9248529689574373,0.23133299808557833,0.31319419713780444,0.0,0.0,0.0,mine
Hyperemic,31,LAD,4.528590858545518127e-01,2.5,0.6799999999999999,0.43,0.0,0.43,0.8330686984997977,2.1479890095824157,2.578405614627636,0,3.1318658217770725,2.509660362336347,0.6275670166154661,1.7886517171102947,4.39696891954023,7.559204,25.678087402354315,2.43941830322366,438.844546,1102.881711,522.8618905069973,605.2747147487365,0.21047291935441584,1.8260573343842634,1.9637056876320207,0.6882827319874221,0.12361164046920929,0.1602228747408965,0.0,0.0,0.003498644986276411,mine
Hyperemic,36,LAD,5.883401703217540080e-01,2.5,0.78,0.81,0.0,0.81,0.8143860169028653,1.1017571233275296,1.352868419226481,2,5.181668622997408,1.2557478331465335,1.181000326923234,2.2904204640062966,2.4246578390804605,3.777631,15.218919983073077,1.4457973983919423,187.553552,874.125894,215.29496278790998,566.7719912810163,0.4406662047319519,4.471410251735233,1.4596156582377064,0.254525137154013,0.059022813305579694,0.1288030046416231,0.0003162636153380569,0.0,0.006148238292262398,mine
Hyperemic,38,LAD,1.221245327087672194e-15,0.1,0.251,0.24,0.0,0.24,0.964578422484488,3.7748617850626567,3.9134835458372104,0,1.8008452159937658,4.145135924967774,0.06613125166895184,0.5119613095075304,7.461479057471265,12.545064,51.16814973961245,4.860974225263183,1010.994858,1929.592179,936.374458853519,936.374458853519,,25.64289425477569,4.369296020094136,0.9032155951429448,0.2532575951228662,0.246738978350091,0.0,0.0,0.0,mine
Hyperemic,53,LCX,3.025495305936860557e-01,0.9,0.61,0.81,0.0,0.81,0.9845733001599538,1.217395990320207,1.2364706519285347,2,7.010223977318492,1.2353064101066003,0.10983907555894298,1.313416084055564,2.6828778965517244,4.45746,13.42440558591691,0.751766712811347,260.938233,643.138253,327.48764622021844,78.10411912282758,0.49420722737386985,5.9058722413658415,0.28307299595399865,0.19095877163430824,0.04284752873359605,0.008461929556350152,0.018778420599756755,0.0,0.08401460734621552,mine
Hyperemic,98,LAD,4.058147879532344460e-01,2.0,0.9,0.24,0.0,0.24,0.8391464266479334,3.244385948910454,3.8662929923571574,0,2.074949386858641,4.285105703777623,0.39774110072082014,1.3998508415159185,7.178217183908046,11.764026,39.83858545579484,3.78466561830051,904.389907,1779.039753,772.7755376904504,638.2716610565534,0.4192609412398228,6.716936457167476,4.804038087851483,,0.2538017178682272,0.21020448452801901,0.0,0.0,0.0,mine
Hyperemic,54,LCX,3.007901338947706060e-01,3.0,0.9,0.24,0.0,0.24,0.8427379507108205,3.235138520087894,3.838842806781356,0,2.529300164705266,3.9433113258619708,0.47198886300719006,1.5886642686459527,7.312828839080461,12.119358,30.60707039288777,1.7139959420017152,1084.868221,1863.3892369999999,925.3396628426545,232.55271146695515,2.1430278430587597,5.176404848367747,2.9674509363776087,0.9242231515101843,0.18794561553358097,0.10490682091280513,0.0,0.0,0.006228524867171272,mine
Hyperemic,96,LAD,3.916117361723976398e-01,0.9,0.745,0.24,0.0,0.24,0.9263184144450602,3.232685571518367,3.489821125336267,0,2.44565604463464,3.9012699518055505,0.19453334002720546,1.1194298089256105,7.430936758620687,12.285924,37.16366309346329,3.5305479938790127,1001.229248,1898.2557390000002,895.7689062087742,338.0850954423585,4.082003389731907,7.018690653757756,0.5109381576396892,,0.29104681545101607,0.193373336863056,0.0,0.0,0.0036396223816133597,mine
Hyperemic,91,LAD,2.048441957096112098e-01,2.5,0.5800000000000001,0.24,0.0,0.24,0.9102725726031675,3.1662240551680902,3.478325229676455,0,2.082481476328134,3.8707080348765186,0.20527445415400952,1.080954380734553,7.447860241379311,12.426984,42.84841928399195,4.070599831979235,999.603756,1853.613765,856.0939946475044,259.1238709593554,6.813019877073231,8.349790135195938,48.15929761477047,,0.26544814165025427,0.2339780218799537,0.0,0.0,0.0,mine
Hyperemic,39,LAD,1.221245327087672194e-15,0.1,0.251,0.43,0.0,0.43,0.9801345828098009,2.322045110140315,2.3691084376225064,0,3.0038242848749523,2.4850815134923456,0.060881662204007835,0.6870714702107873,4.726278620689654,8.421709,31.475258873835134,2.990149593014338,559.284393,1107.928699,545.206071327034,545.206071327034,,12.382205189233677,2.36701954306081,0.6319629009989032,0.12795355838441888,0.11080781797420228,0.0,0.0,0.0,mine
Hyperemic,30,LAD,5.891022860976811160e-01,3.0,0.6699999999999999,0.24,0.0,0.24,0.46954648881869165,,,,1.291723808554953,,1.4592792109857442,2.0206898520479326,5.458982977011495,8.576897,34.99474419771305,3.3245006987827397,596.237418,1840.200601,532.3045266068085,1166.2347275081481,,4.616771148741651,1.7197856658889694,0.8521015753267414,0.15882195261575457,0.14646902993489097,0.0,0.0,0.001130923609697221,mine
Hyperemic,90,LAD,2.048441957096110988e-01,2.0,0.5800000000000001,0.24,0.0,0.24,0.9277427714462592,3.143733331533642,3.3885829437753237,0,2.212383997517603,3.8361425078497398,0.17231148662905893,1.0290498009151128,7.43101511494253,12.107212,40.53392954223963,3.8507233065127653,960.002738,1797.3269890000001,814.4667631085815,247.97284862631201,7.87367630499969,7.87367630499969,35.965650573621645,,0.23758162349836964,0.24031824585937903,0.0,0.0,0.0,mine
Hyperemic,97,LAD,4.058147879532344460e-01,1.66,0.9,0.24,0.0,0.24,0.8494838429169274,3.23706616245885,3.81062711133331,0,2.1677092654893473,4.225806520413059,0.3840864909148527,1.398162597325716,7.189452103448272,11.819316,38.62075102847954,3.6689713477055563,956.872246,1800.281676,825.1230002791011,603.253188312496,0.6836883219436792,11.244383037278103,5.910061844150923,0.9159878473309466,0.27859146282906644,0.20790189754631716,0.0,0.0,0.0,mine
Hyperemic,55,LCX,3.007901338947706060e-01,3.0,0.9,0.81,0.0,0.81,0.9646902231417522,1.2083880233190265,1.2526176738721495,2,8.079212891367535,1.2345036725846936,0.29571690221488606,1.8132951340856411,2.6786787241379306,4.363152,11.43234426037594,0.6402112785810526,267.775446,534.485786,270.97686473379787,61.44473692777238,0.3791010713990418,3.989964346347378,6.289354415098256,0.1954033407466782,0.042533224290969264,0.0,0.0005879417650930478,0.0,0.0,mine
Hyperemic,52,LCX,3.025495305936860557e-01,0.9,0.61,0.24,0.0,0.24,0.9126962358029159,3.5767201551912247,3.918850560443823,0,2.1120687294224996,4.100138643609553,0.20202948482561042,1.110020876360212,7.3823949080459785,12.34426,39.44102199480827,2.208697231709263,1046.328859,2187.311718,1106.0174778485587,322.08278645447564,3.2074905986691657,10.414120380224864,11.478017536415903,0.8904357673507558,0.19295350104538497,0.24375966528453363,6.917683382804999e-05,0.0,0.0,mine
Hyperemic,99,LAD,4.058147879532344460e-01,2.5,0.9,0.24,0.0,0.24,0.8157116556005558,3.183694187609548,3.902965178627489,0,1.9900803580543631,4.305304054999054,0.4496057055083739,1.44720153901034,7.108032045977007,11.659506,40.381695961340725,3.836261116327369,847.591193,1732.2124,780.5529542917068,631.8463008447188,0.6580354014822514,8.491129764114707,3.4289668800633035,,0.2587242091584432,0.1914348814016365,0.0,0.0,0.0003553495288070921,mine
Hyperemic,115,LAD,5.883401703217540080e-01,2.5,0.78,0.24,0.38,0.62,0.7556240045961108,1.3838546183803344,1.8314063740206608,3,3.825090444068897,1.701102036816355,1.237070658281801,2.2115603519102116,2.9934841839080457,4.872295,19.115622,1.81598409,214.731895,971.537636,241.12928016801905,646.2471759940215,0.7016650764221519,2.835247260767683,1.451679227356238,0.2931842685387284,0.07525076049347003,0.1316767804179239,0.0001708608976105535,0.0,0.0054485950985139805,mine
Hyperemic,112,LAD,4.525374451060918402e-01,1.2,0.63,0.24,0.38,0.62,0.9318002862051495,1.6070560729865013,1.7246786642783711,2,4.705911519446937,1.695134613780618,0.34443198131784075,1.655442142716384,3.3501309999999997,5.813001,19.152065,1.819446175,312.921526,741.765313,361.70551756359873,260.8487920767079,2.0079724511253496,3.923985130918288,0.5182349940181683,0.38851501884074674,0.14428076640164136,0.10187672590148153,0.000310060705356229,0.0,0.0014629705024329354,mine
Hyperemic,124,LCX,5.958056491849160752e-01,2.5,0.75,0.24,0.19,0.43,0.8166698471738009,2.1504048354749496,2.6331385233784785,0,3.683639221642467,2.57251763613702,0.8269218507299375,1.9990093479629576,4.482294413793103,7.438874,20.845360,1.16734016,468.670037,1050.020265,512.9793441200021,408.2856740915317,0.21451466297347954,9.600489589094309,1.5139173132298764,0.6118571707453102,0.06504793193040362,0.1008354519615686,0.0,0.0,0.004664845381981791,mine
Hyperemic,123,LCX,6.085618729004409477e-01,1.2,0.875,0.24,0.19,0.43,0.6810510220219277,2.008297324796558,2.9488206607990333,1,2.930061857316993,2.7409410699150256,1.3722029695062963,2.1977749873882053,4.224977908045976,6.96183,21.887575,1.2257042,1206.788435,2057.015504,621.2946190732035,1115.3868592378014,6.907089398914771,7.840806654755449,0.04260265705460074,0.5854600544583195,0.07054037743555168,0.13651480486683965,0.0,0.0,0.11285773129584951,mine
Hyperemic,122,LCX,4.514650552714571941e-01,2.5,0.73,0.24,0.19,0.43,0.8380749709338394,2.163918585193347,2.5820107511171266,0,3.81839429200284,2.5302330577567136,0.7377545305161389,1.95229084733192,4.528423252873563,7.695016,20.709772,1.1597472320000002,449.141663,1084.407466,548.8666492606427,353.5329824242905,0.25319870650985365,5.417239643605961,1.328248833526315,0.6171810421141344,0.06592384166484169,0.1035186598896578,0.0,0.0,0.005732753061431019,mine
Hyperemic,125,LCX,4.576971761490250534e-01,1.2,0.735,0.24,0.38,0.62,0.9243856132533792,1.5551462204280029,1.682356581637677,2,5.967330078970616,1.6551990878103962,0.48812529962249246,1.9202757053459163,3.362614459770115,5.913179,14.750607,0.826033992,346.509969,882.263795,416.8823926500725,313.2730416466117,1.5250522780535432,2.0724130083707046,1.2454388348129788,0.3217318949749932,0.0520711950699492,0.12328368519457818,0.0005146039169009201,0.0,0.039848644100770804,mine
Hyperemic,113,LAD,4.525374451060918402e-01,1.2,0.63,0.24,0.5700000000000001,0.81,0.952862944528674,1.2401233371481586,1.3014708403437554,2,6.242037757349396,1.2779726454892264,0.30878656968639745,1.7205632257526202,2.643248655172415,4.750686,14.779150,1.40401925,208.856477,513.944442,249.05461314634104,167.66154933474965,1.2296494484908085,5.251371486148211,1.3018746437968967,0.22321260755532876,0.08576973948423999,0.06001810766424762,0.0015447072970123168,0.0,0.003996547299896433,mine
Hyperemic,114,LAD,5.883401703217540080e-01,2.5,0.78,0.24,0.19,0.43,0.6564050157058651,1.8115544360595057,2.75981199520764,3,2.526625462305038,2.5753200236793963,1.3225612468916177,2.1236207174696204,3.8760169770114943,6.152654,25.023575,2.377239625,327.242436,1376.376872,349.43139581912,951.4213386885559,1.3295773392340877,3.1961094736046944,1.3828207953210263,0.5530936416213713,0.10244000379773845,0.14330025673067942,0.00015023462730622943,0.00032146243685694006,0.004102829264561419,mine
Hyperemic,9,LAD,5.583999396986579766e-01,1.2,0.78,0.24,0.0,0.24,0.6296376913093262,,,,1.5922381336964673,4.521434204956533,0.9365782883087361,1.7931308142731026,6.17815655172414,9.622707,37.92866451911511,3.6032231293159356,675.230019,2536.069532,894.0199568751415,1114.227683762254,11.804044583698165,5.017626507912249,8.503777285952857,0.8598448436866624,0.27447070013929287,0.24611269687793272,0.0,0.0,0.0,mine
Hyperemic,7,LAD,4.813122844963170222e-01,1.7,0.71,0.24,0.0,0.24,0.7077159550196611,,,,1.745610643582668,4.4711212902173925,0.7209306731722623,1.6691467538665072,6.520036149425287,10.051321,38.84195042617436,3.6899852904865638,854.802792,1956.971145,,,1.0051501107166607,,,,,,,,,mine
Hyperemic,109,LAD,1.221245327087672194e-15,0.1,0.251,0.24,0.38,0.62,0.9864639348924329,1.6609569733324028,1.6837482999452167,2,4.237119800929089,1.761750564259544,0.0581409288928461,0.8125792052856697,3.4330807126436786,6.187513,22.514227,2.1388515650000004,294.853569,604.115309,309.2447946037971,309.2447946037971,,7.440433689035037,2.0400293495286617,0.21153375916775802,0.07898146013122782,0.06512601000335136,0.0003778586312099108,0.0,0.0006578152199982379,mine
Hyperemic,131,LCX,6.085618729004409477e-01,1.2,0.875,0.24,0.5700000000000001,0.81,0.8339868147476839,1.1544091139271169,1.3842054736517317,2,6.348011162764945,1.2651406363648552,1.2636333506863688,2.402445975093616,2.532210287356323,4.188278,12.581412,0.704559072,604.406671,1085.3017479999999,244.36233404898502,573.492592366229,11.892130376945682,3.3670634519113145,0.011730709488561315,0.16568326624244523,0.033448545991723984,0.10899189428244564,0.0008324201880667241,0.0,0.15458383520183935,mine
Hyperemic,107,LAD,6.182608632229936729e-01,2.5,0.79,0.24,0.0,0.24,0.4313608868084832,,,,1.1808125155343643,5.010605656386803,1.5565995949396776,2.034475900149253,5.381528793103448,8.583473,36.1622373850825,3.4354125515828375,685.528138,2106.672789,471.2076589664077,1337.2259322407613,0.47860158830502925,0.7276483968236219,1.1356984533404038,,0.15386598357578374,0.14313673623467504,6.85921475604957e-05,0.00017355212008469563,0.0017617224738368043,mine
Hyperemic,100,LAD,4.980058769521806816e-01,0.9,0.69,0.24,0.0,0.24,0.7675911407325787,2.8725665778864213,3.7423133559682333,1,1.9577549022976155,4.153824339798165,0.5927629429567739,1.5870977751493478,6.9011387586206885,11.167432,38.57780825987837,3.664891784688445,905.946114,2780.484192,826.567910677607,557.9601136950087,6.841795528281082,4.308568545639232,2.343825945531465,0.8519860684276246,0.2857389083128153,0.18488416589885812,0.00036366341654902885,0.0,0.0011868360023177163,mine
Hyperemic,1,LAD,4.528590858545522568e-01,1.2,0.6799999999999999,0.24,0.0,0.24,0.7827957385073367,3.4453622637747268,4.40135541660519,1,1.8296084925168028,4.36003305550364,0.5076659745179392,1.4927128669378291,6.834801517241383,11.063105,41.06004957358758,3.90070470949082,833.409859,2024.27804,1020.278408579613,834.9112970551733,6.081414577109654,1.6623415456538202,5.800368902956477,,0.2751923116871046,0.2552965294965516,,0.0,0.0,mine
Hyperemic,6,LAD,4.813122844963169111e-01,1.5,0.71,0.24,0.0,0.24,0.7182265696914918,3.3429795232703983,4.654491582936492,1,1.7736896142234237,4.548208841823299,0.6958509027548013,1.65099500718047,6.671608126436781,9.237415,39.090881837052315,3.71363377451997,818.044982,1967.172652,,,6.5277998492500355,,,,,,,,,mine
Hyperemic,8,LAD,4.813122844963170222e-01,2.0,0.71,0.24,0.0,0.24,0.6968829783228887,3.30088261599703,4.73663831471519,1,1.6053858157157246,4.645729925783361,0.6982804606212716,1.625563767740267,6.467248103448277,9.958848,41.59301491328017,3.9513364167616163,768.942716,1837.066068,,,0.2998333398156842,,,,,,,,,mine
Hyperemic,101,LAD,4.829328158151106054e-01,1.66,0.69,0.24,0.0,0.24,0.6804581247725437,,,,1.6123212470682096,4.633779080784821,0.7571430717054976,1.6573459995710131,6.536936839080457,10.566863,41.91661781888759,3.982078692794321,817.744377,2187.223462,654.3807928358958,1344.2407077661499,2.4302514845828784,1.8796814463132525,7.0581643901626805,0.9127237697581637,0.2556259674509181,0.21740795127820586,0.0,0.0,0.0,mine
Hyperemic,106,LAD,6.182608632229936729e-01,2.0,0.79,0.24,0.0,0.24,0.4621054540174216,,,,1.2491510623731163,4.969238348524052,1.454022101919428,1.9994810463047519,5.530506528735634,8.80037,36.613752508726414,3.478306488329009,666.986987,2353.279592,496.5907203739743,1760.5766910096352,1.4577036745711562,1.4732560796032914,4.440677750969987,0.851102959995269,0.21631925680554423,0.16391340051873857,0.0003049433158119458,0.0007777370516774118,0.0,mine
Hyperemic,130,LCX,4.514650552714571941e-01,2.5,0.73,0.24,0.5700000000000001,0.81,0.9262378698910672,1.2122273717294665,1.3087646393383094,2,7.64066915982484,1.2644739960703406,0.6084744005906317,2.1202781046313737,2.6270064367816093,4.252008,11.601616,0.6496904960000001,196.364575,445.741001,225.249779074022,137.20983279300168,0.07053759116789102,2.0682872613681185,1.2445474328288584,0.17445399507809706,0.022024549301453703,0.05807162308764899,0.0010223619623406185,0.0,0.03462461611702806,mine
Hyperemic,108,LAD,1.221245327087672194e-15,0.1,0.251,0.24,0.19,0.43,0.9801965587464581,2.323783005604157,2.370731650574216,0,3.0022044448630014,2.4864223397226852,0.06065516025785761,0.6851278048092403,4.734063298850575,8.236356,31.498816,2.9923875200000003,498.321819,996.795059,494.6262292382081,494.6262292382081,,9.536176424642681,1.6575513001826927,0.5289523737633897,0.11129559329534222,0.10475278074122787,0.0,0.0,0.0,mine
Hyperemic,84,LAD,1.075575169072274795e-01,0.9,0.43,0.24,0.0,0.24,0.9603568198240049,3.167164865045042,3.2979042785633124,0,2.2430431348900313,3.679783438616649,0.0925920046626733,0.741683325956433,7.540075137931037,12.704771,42.21282727646991,4.010218591264642,1068.732764,1902.3054280000001,900.4731887750416,183.87136941904916,81.25501415862131,5.294938492758576,52.910630632366974,0.9104545633699057,0.2335228311835859,0.3034828634000793,0.0,0.0,0.0,mine
Hyperemic,41,LAD,1.221245327087672194e-15,0.1,0.251,0.81,0.0,0.81,0.9899141566166537,1.2802545845881255,1.2932985916312203,2,5.521875103972297,1.3518502428191754,0.056260199037269254,0.9113605461289428,2.6848443103448285,4.464591,17.353816382960154,1.6486125563812146,249.423284,514.053816,266.3086567563984,266.3086567563984,,6.753689151613659,0.8374723002253599,0.1104270482542194,0.07185251399751443,0.05368366734716016,0.0003965541567252707,0.0,0.0007037876550675505,mine
Hyperemic,46,LAD,5.885181794294424007e-01,1.2,0.63,0.62,0.0,0.62,0.838027839958139,1.5539057564785606,1.8542412105977064,2,3.972473456829449,1.7689674386670642,0.7677908487428824,1.9760510074700048,3.1513803793103454,5.240391,20.405451275255114,1.938517871149236,301.783643,1446.800495,471.77565193879076,552.5574214107638,6.92131517578787,0.3263057789376667,2.671673424443566,0.4398544268775754,0.18943115792259435,0.14859737238566215,0.001170180691517149,0.002342299975855244,0.0002918304560650058,mine
Hyperemic,12,LAD,5.583999396986588648e-01,2.0,0.78,0.24,0.0,0.24,0.5777991208942236,2.904516277955071,5.026861711834958,1,1.417515595784849,4.804093749467398,1.0357861565456994,1.8213400630144128,5.969609988505748,8.709118,39.308305175732436,3.7342889916945814,661.602462,2048.599702,,,1.3253958737831455,,,,,,,,,mine
Hyperemic,15,LAD,5.908588520863007343e-01,1.7,0.81,0.24,0.0,0.24,0.5260450530088574,2.620506378917925,4.981524612633894,1,1.4513301076042668,4.725689004207109,1.3076162968966223,1.974710048451933,5.6681633793103465,9.272831,34.8597730961114,3.3116784441305827,686.982560,2670.552745,,,0.8259944437131592,,,,,,,,,mine
Hyperemic,47,LAD,5.885181794294424007e-01,1.2,0.63,0.81,0.0,0.81,0.8844872559476733,1.2330132064246015,1.3940429306734379,2,5.288602874350548,1.3287396242553835,0.6906838126963308,2.030544301043918,2.5270479310344833,4.044263,16.19158098909483,1.5382001939640089,218.421619,1108.984903,351.85357907858145,393.33114164443566,5.88239409332784,0.49483771244608366,3.7808973293528445,0.2714079461714206,0.1334678467638394,0.09885017815307427,0.0026659798246696865,0.0042579376556619855,0.0002918304560650058,mine
Hyperemic,40,LAD,1.221245327087672194e-15,0.1,0.251,0.62,0.0,0.62,0.9864955494291824,1.656647920305292,1.6793262993065514,2,4.247876023669794,1.757289562719681,0.0581505226514236,0.8137790244120142,3.429377321839081,5.986192,22.45581790237433,2.1333027007255616,358.635663,732.6753630000001,371.0658622187311,371.0658622187311,,7.043540166483901,1.7959130763531197,0.29254894131752934,0.08841892133208663,0.08253556501833,5.2091739179235385e-05,0.0,0.00012809397067215138,mine
Hyperemic,85,LAD,1.117331976597878418e-01,1.66,0.5800000000000001,0.24,0.0,0.24,0.9395705535762842,3.1524060569763397,3.3551562945191793,0,2.2373413683322725,3.728491011466234,0.14389691102449068,0.941928483259544,7.519632252873565,12.671243,41.36921383169776,3.9300753140112876,947.585162,1885.374155,876.1074506591019,213.6075108915705,11.02711935558676,11.02711935558676,54.24575856446431,,0.27769091421952496,0.2698835109681496,0.0,0.0,0.0,mine
Hyperemic,25,LAD,5.908588520863014004e-01,2.5,0.81,0.24,0.0,0.24,,,,,,,,,,,,,,,,,,,,,,,,,,mine
Hyperemic,22,LAD,4.813122844963170222e-01,2.5,0.71,0.24,0.0,0.24,0.661776336582346,3.1550503491759567,4.767547847766491,1,1.6172687340051173,4.639312027200237,0.8265610686095878,1.7237098386748315,6.339156459770118,9.590172,39.27528879238973,3.7311524352770244,736.532308,1733.477824,,,0.5635368408773177,,,,,,,,,mine
Hyperemic,14,LAD,5.908588520863007343e-01,1.5,0.81,0.24,0.0,0.24,0.5451438695672088,2.713687573280534,4.977929175714546,1,1.4144430551846792,4.74066039585336,1.180180372035752,1.9036508809536772,5.788441356321839,9.039884,37.05542394556328,3.5202652748285113,682.219004,2592.773447,,,4.386170626703445,,,,,,,,,mine
Hyperemic,13,LAD,5.908588520863005122e-01,1.2,0.81,0.24,0.0,0.24,0.5768690979759261,2.7814980695396456,4.821714457056466,1,1.5101850592421517,4.6531887950387345,1.1077139832632845,1.8823816267503515,5.8820340574712615,8.897737,36.525846624592575,3.4699554293362946,,2642.526706,913.2225482059446,1168.7414772287102,16.903581091850505,8.315521376549851,3.452354719242726,0.8460779493842456,0.2745958286935022,0.24039539824402795,0.0,0.0,0.0,mine
Hyperemic,133,,,,,,,,0.25,1.071428571,4.285714284,3,1.4,1.632653061,,2.847810041,,,,,,,,,,,,,,,,,,garcia
Hyperemic,134,,,,,,,,0.265822785,0.93442623,3.515222481774841,3,3.684210526,1.290398126,,3.652330292,,,,,,,,,,,,,,,,,,garcia
Hyperemic,135,,,,,,,,0.272,1.302631579,4.7890866875,3,3.434343434,1.494195046,,3.368423013,,,,,,,,,,,,,,,,,,garcia
Hyperemic,136,,,,,,,,0.277108434,1.007751938,3.6366700336518805,3,1.769230769,2.409841591,,2.950916555,,,,,,,,,,,,,,,,,,garcia
Hyperemic,137,,,,,,,,0.311111111,1.075268817,3.4562211987343647,3,2.8,2.073732719,,3.193043699,,,,,,,,,,,,,,,,,,garcia
Hyperemic,138,,,,,,,,0.323529412,1.333333333,4.121212117184572,3,3.3,1.696969697,,3.2395011,,,,,,,,,,,,,,,,,,garcia
Hyperemic,139,,,,,,,,0.333333333,0.91,2.73000000273,3,2.197802198,1.0465,,3.084629216,,,,,,,,,,,,,,,,,,garcia
Hyperemic,140,,,,,,,,0.336633663,1.3125,3.8988970630664466,3,1.619047619,2.007352941,,2.582288223,,,,,,,,,,,,,,,,,,garcia
Hyperemic,141,,,,,,,,0.346774194,1.214285714,3.5016611241838835,3,2.529411765,1.524916944,,2.848239186,,,,,,,,,,,,,,,,,,garcia
Hyperemic,142,,,,,,,,0.352380952,1.012048193,2.8720286589157067,3,4.404761905,1.148811462,,3.38460235,,,,,,,,,,,,,,,,,,garcia
Hyperemic,143,,,,,,,,0.36,1.333333333,3.7037037027777777,3,9,2.222222222,,4.002712001,,,,,,,,,,,,,,,,,,garcia
Hyperemic,144,,,,,,,,0.367521368,1.30952381,3.5631229202433747,3,3.909090909,1.492248062,,3.187098359,,,,,,,,,,,,,,,,,,garcia
Hyperemic,145,,,,,,,,0.38,1.090909091,2.8708133973684213,3,1.583333333,1.66507177,,2.432621216,,,,,,,,,,,,,,,,,,garcia
Hyperemic,146,,,,,,,,0.395604396,1.4,3.5388888853499996,3,1.714285714,2.372222222,,2.49657611,,,,,,,,,,,,,,,,,,garcia
Hyperemic,147,,,,,,,,0.43,1.428571429,3.3222591372093024,3,10.75,2.159468439,,3.952406883,,,,,,,,,,,,,,,,,,garcia
Hyperemic,148,,,,,,,,0.43,1.344827586,3.1275060139534885,3,1.102564103,1.876503609,,1.974397651,,,,,,,,,,,,,,,,,,garcia
Hyperemic,149,,,,,,,,0.43,1.3,3.0232558139534884,3,3.307692308,1.813953488,,2.928640161,,,,,,,,,,,,,,,,,,garcia
Hyperemic,150,,,,,,,,0.445945946,1.558441558,3.4946871296370077,3,2.75,1.794569067,,2.855073374,,,,,,,,,,,,,,,,,,garcia
Hyperemic,151,,,,,,,,0.45,1.4375,3.194444444444444,3,1.956521739,1.756944444,,2.417559027,,,,,,,,,,,,,,,,,,garcia
Hyperemic,152,,,,,,,,0.451923077,1.333333333,2.950354608689301,3,2.9375,1.843971631,,2.7482869,,,,,,,,,,,,,,,,,,garcia
Hyperemic,153,,,,,,,,0.453333333,1.064516129,2.348197345108969,3,1.03030303,1.565464896,,1.976407986,,,,,,,,,,,,,,,,,,garcia
Hyperemic,154,,,,,,,,0.46,0.9,1.9565217391304348,3,2.555555556,0.97826087,,2.622500759,,,,,,,,,,,,,,,,,,garcia
Hyperemic,155,,,,,,,,0.464285714,1.5625,3.365384617455621,3,1.56,2.524038462,,2.257984506,,,,,,,,,,,,,,,,,,garcia
Hyperemic,156,,,,,,,,0.47,1.25,2.6595744680851063,3,4.7,1.728723404,,3.124927879,,,,,,,,,,,,,,,,,,garcia
Hyperemic,157,,,,,,,,0.471910112,1.166666667,2.4722222248121697,3,4.615384615,1.555555556,,3.154667083,,,,,,,,,,,,,,,,,,garcia
Hyperemic,158,,,,,,,,0.479166667,1.5,3.1304347804310018,3,3.066666667,2.184782609,,2.747439496,,,,,,,,,,,,,,,,,,garcia
Hyperemic,159,,,,,,,,0.487804878,1.428571429,2.928571429742857,3,3.636363636,2.357142857,,2.94111593,,,,,,,,,,,,,,,,,,garcia
Hyperemic,160,,,,,,,,0.49,1.6,3.2653061224489797,3,3.0625,2.12244898,,2.69998222,,,,,,,,,,,,,,,,,,garcia
Hyperemic,161,,,,,,,,0.5,1.058823529,2.117647058,3,2.777777778,1.503529412,,2.589077004,,,,,,,,,,,,,,,,,,garcia
Hyperemic,162,,,,,,,,0.505882353,1.285714286,2.5415282394719156,3,0.955555556,1.88372093,,1.717476272,,,,,,,,,,,,,,,,,,garcia
Hyperemic,163,,,,,,,,0.512195122,2.5,4.880952380487529,1,0.763636364,4.345238095,,1.521986622,,,,,,,,,,,,,,,,,,garcia
Hyperemic,164,,,,,,,,0.52,1.043478261,2.006688963461538,3,2.166666667,1.204013378,,2.321470763,,,,,,,,,,,,,,,,,,garcia
Hyperemic,165,,,,,,,,0.53,1.018518519,1.9217330547169809,3,0.963636364,1.191474493,,1.592024488,,,,,,,,,,,,,,,,,,garcia
Hyperemic,166,,,,,,,,0.53,1.285714286,2.4258760113207543,3,2.944444444,1.576819407,,2.562204857,,,,,,,,,,,,,,,,,,garcia
Hyperemic,167,,,,,,,,0.530120482,1.4,2.640909090548967,3,2.095238095,1.877272727,,2.347278027,,,,,,,,,,,,,,,,,,garcia
Hyperemic,168,,,,,,,,0.546296296,1.164383562,2.1314139790543263,3,6.941176471,1.776178314,,3.232010238,,,,,,,,,,,,,,,,,,garcia
Hyperemic,169,,,,,,,,0.55,1.363636364,2.4793388436363633,3,3.666666667,1.561983471,,2.701682005,,,,,,,,,,,,,,,,,,garcia
Hyperemic,170,,,,,,,,0.551282051,3,5.4418604679004865,1,1.194444444,4.88372093,,1.832115052,,,,,,,,,,,,,,,,,,garcia
Hyperemic,171,,,,,,,,0.56043956,2.133333333,3.8065359501031657,1,1.59375,3.262745098,,1.992412044,,,,,,,,,,,,,,,,,,garcia
Hyperemic,172,,,,,,,,0.568807339,1.368421053,2.4057724983045623,3,1.192307692,1.986417657,,1.64074318,,,,,,,,,,,,,,,,,,garcia
Hyperemic,173,,,,,,,,0.574074074,1.555555556,2.709677420478668,3,4.428571429,2.082437276,,2.77115377,,,,,,,,,,,,,,,,,,garcia
Hyperemic,174,,,,,,,,0.581081081,1.5,2.581395349197404,3,1.791666667,1.988372093,,2.13159122,,,,,,,,,,,,,,,,,,garcia
Hyperemic,175,,,,,,,,0.585106383,2.045454545,3.4958677676910597,1,3.055555556,2.938016529,,2.481171606,,,,,,,,,,,,,,,,,,garcia
Hyperemic,176,,,,,,,,0.588888889,1.68,2.852830188140975,3,1.261904762,2.757735849,,1.722355153,,,,,,,,,,,,,,,,,,garcia
Hyperemic,177,,,,,,,,0.6,1.272727273,2.121212121666667,3,4.285714286,1.633333333,,2.710455929,,,,,,,,,,,,,,,,,,garcia
Hyperemic,178,,,,,,,,0.602272727,2.459016393,4.0828951449431985,1,3.533333333,4.314877822,,2.592537536,,,,,,,,,,,,,,,,,,garcia
Hyperemic,179,,,,,,,,0.602564103,1.375,2.2819148919662746,3,0.854545455,1.960106383,,1.411288324,,,,,,,,,,,,,,,,,,garcia
Hyperemic,180,,,,,,,,0.6125,1.666666667,2.721088435918367,3,3.769230769,2.414965986,,2.664126999,,,,,,,,,,,,,,,,,,garcia
Hyperemic,181,,,,,,,,0.616161616,1.714285714,2.7822014054182826,3,1.694444444,2.304449649,,1.867830605,,,,,,,,,,,,,,,,,,garcia
Hyperemic,182,,,,,,,,0.617886179,2.12,3.4310526308114753,1,1.433962264,2.594210526,,1.624198128,,,,,,,,,,,,,,,,,,garcia
Hyperemic,183,,,,,,,,0.618181818,1.125,1.8198529417117213,3,3.777777778,1.422794118,,2.51335629,,,,,,,,,,,,,,,,,,garcia
Hyperemic,184,,,,,,,,0.622807018,2.6875,4.315140841910037,1,1.651162791,4.012323944,,1.767183554,,,,,,,,,,,,,,,,,,garcia
Hyperemic,185,,,,,,,,0.638297872,2.166666667,3.3944444467770367,1,2.307692308,3.286111111,,2.102184231,,,,,,,,,,,,,,,,,,garcia
Hyperemic,186,,,,,,,,0.63963964,1.181818182,1.8476312412407712,3,2.730769231,1.33162612,,2.172765305,,,,,,,,,,,,,,,,,,garcia
Hyperemic,187,,,,,,,,0.647058824,2.230769231,3.44755244540178,1,1.896551724,3.163636364,,1.952977268,,,,,,,,,,,,,,,,,,garcia
Hyperemic,188,,,,,,,,0.65,1.375,2.1153846153846154,3,2.954545455,1.565384615,,2.259874692,,,,,,,,,,,,,,,,,,garcia
Hyperemic,189,,,,,,,,0.65,2.2,3.3846153846153846,1,1.477272727,2.876923077,,1.657814701,,,,,,,,,,,,,,,,,,garcia
Hyperemic,190,,,,,,,,0.653061224,2,3.062500002296875,1,1.882352941,2.75,,1.869173092,,,,,,,,,,,,,,,,,,garcia
Hyperemic,191,,,,,,,,0.654867257,2.6,3.970270268070526,1,2.846153846,3.372972973,,2.161769921,,,,,,,,,,,,,,,,,,garcia
Hyperemic,192,,,,,,,,0.663551402,1.542857143,2.325150905189407,3,1.314814815,2.129577465,,1.492166991,,,,,,,,,,,,,,,,,,garcia
Hyperemic,193,,,,,,,,0.666666667,1.777777778,2.6666666656666664,3,1.875,2.666666667,,1.867473308,,,,,,,,,,,,,,,,,,garcia
Hyperemic,194,,,,,,,,0.666666667,2.666666667,3.9999999985,1,1.25,3.288888889,,1.515290789,,,,,,,,,,,,,,,,,,garcia
Hyperemic,195,,,,,,,,0.670212766,1.605263158,2.395154553054276,3,1.032786885,2.038429407,,1.321354033,,,,,,,,,,,,,,,,,,garcia
Hyperemic,196,,,,,,,,0.673469388,2.272727273,3.3746556465607314,1,2.64,3.099173554,,2.10992197,,,,,,,,,,,,,,,,,,garcia
Hyperemic,197,,,,,,,,0.674698795,1.941176471,2.8771008417170805,3,1.696969697,3.085084034,,1.794987894,,,,,,,,,,,,,,,,,,garcia
Hyperemic,198,,,,,,,,0.679012346,2.083333333,3.0681818162404957,1,2.2,2.916666667,,2.01974534,,,,,,,,,,,,,,,,,,garcia
Hyperemic,199,,,,,,,,0.679487179,2.909090909,4.281303604994142,1,1.65625,4.061749571,,1.788292062,,,,,,,,,,,,,,,,,,garcia
Hyperemic,200,,,,,,,,0.680851064,2.933333333,4.308333331766668,1,1.454545455,4.4,,1.590867911,,,,,,,,,,,,,,,,,,garcia
Hyperemic,201,,,,,,,,0.692307692,2.1,3.033333334681482,1,1.5,2.8,,1.60131146,,,,,,,,,,,,,,,,,,garcia
Hyperemic,202,,,,,,,,0.693181818,1.4,2.0196721316772908,3,2.904761905,1.698360656,,2.187577184,,,,,,,,,,,,,,,,,,garcia
Hyperemic,203,,,,,,,,0.694444444,3.2,4.60800000294912,1,1.5625,4.352,,1.732774734,,,,,,,,,,,,,,,,,,garcia
Hyperemic,204,,,,,,,,0.696629213,2.272727273,3.262463345762676,1,2.48,3.262463343,,2.036135756,,,,,,,,,,,,,,,,,,garcia
Hyperemic,205,,,,,,,,0.696629213,2.166666667,3.11021505639902,1,2.384615385,2.830645161,,2.002069078,,,,,,,,,,,,,,,,,,garcia
Hyperemic,206,,,,,,,,0.697674419,2.461538462,3.52820512686735,1,1.875,3.487179487,,1.805325401,,,,,,,,,,,,,,,,,,garcia
Hyperemic,207,,,,,,,,0.7,2.071428571,2.9591836728571432,1,1.931034483,2.62627551,,1.856067255,,,,,,,,,,,,,,,,,,garcia
Hyperemic,208,,,,,,,,0.7,2.181818182,3.1168831171428577,1,2.625,2.83982684,,2.07159329,,,,,,,,,,,,,,,,,,garcia
Hyperemic,209,,,,,,,,0.7,1.25,1.7857142857142858,3,7,1.535714286,,2.877773264,,,,,,,,,,,,,,,,,,garcia
Hyperemic,210,,,,,,,,0.701149425,1.333333333,1.9016393445662456,3,1.90625,1.704918033,,1.805325401,,,,,,,,,,,,,,,,,,garcia
Hyperemic,211,,,,,,,,0.702970297,2.923076923,4.158179848386966,1,1.868421053,4.158179848,,1.718206071,,,,,,,,,,,,,,,,,,garcia
Hyperemic,212,,,,,,,,0.703296703,2.5,3.5546875014996338,1,1.828571429,3.5546875,,1.743879685,,,,,,,,,,,,,,,,,,garcia
Hyperemic,213,,,,,,,,0.703703704,3.2,4.54736841913795,1,0.890625,4.715789474,,1.168503303,,,,,,,,,,,,,,,,,,garcia
Hyperemic,214,,,,,,,,0.707317073,3.214285714,4.544334976062426,1,1.288888889,4.322660099,,1.474438224,,,,,,,,,,,,,,,,,,garcia
Hyperemic,215,,,,,,,,0.707317073,1.166666667,1.6494252882257234,3,4.142857143,1.367816092,,2.48860718,,,,,,,,,,,,,,,,,,garcia
Hyperemic,216,,,,,,,,0.708860759,2.090909091,2.9496753268578093,1,2.434782609,2.875,,2.038924173,,,,,,,,,,,,,,,,,,garcia
Hyperemic,217,,,,,,,,0.710280374,1.625,2.2878289468265667,3,1.948717949,2.202302632,,1.709884489,,,,,,,,,,,,,,,,,,garcia
Hyperemic,218,,,,,,,,0.712765957,1.76,2.469253732891174,3,1.522727273,2.364179104,,1.545110421,,,,,,,,,,,,,,,,,,garcia
Hyperemic,219,,,,,,,,0.715517241,2.875,4.018072291286689,1,1.804347826,3.983433735,,1.593650286,,,,,,,,,,,,,,,,,,garcia
Hyperemic,220,,,,,,,,0.716814159,2.3125,3.2260802482279094,1,2.189189189,3.083333333,,1.76939854,,,,,,,,,,,,,,,,,,garcia
Hyperemic,221,,,,,,,,0.72,1.05,1.4583333333333335,3,3.428571429,1.166666667,,2.203371451,,,,,,,,,,,,,,,,,,garcia
Hyperemic,222,,,,,,,,0.72,1.821428571,2.5297619041666666,3,1.411764706,2.150297619,,1.432669689,,,,,,,,,,,,,,,,,,garcia
Hyperemic,223,,,,,,,,0.723809524,2.62962963,3.6330409352281476,1,1.070422535,3.460038986,,1.16053331,,,,,,,,,,,,,,,,,,garcia
Hyperemic,224,,,,,,,,0.727272727,2.476190476,3.404761905776786,1,0.769230769,3.311904762,,0.843706586,,,,,,,,,,,,,,,,,,garcia
Hyperemic,225,,,,,,,,0.727272727,3.296703297,4.532967035074862,1,2.4,4.441391941,,1.877773264,,,,,,,,,,,,,,,,,,garcia
Hyperemic,226,,,,,,,,0.73,1.25,1.7123287671232876,3,7.3,1.489726027,,2.832015774,,,,,,,,,,,,,,,,,,garcia
Hyperemic,227,,,,,,,,0.73,1.8,2.4657534246575343,3,2.703703704,2.194520548,,1.969288245,,,,,,,,,,,,,,,,,,garcia
Hyperemic,228,,,,,,,,0.733333333,3.125,4.26136363830062,1,1.32,4.308712121,,1.382923243,,,,,,,,,,,,,,,,,,garcia
Hyperemic,229,,,,,,,,0.736842105,3.416666667,4.63690476401318,1,0.853658537,4.783333333,,0.970964313,,,,,,,,,,,,,,,,,,garcia
Hyperemic,230,,,,,,,,0.738095238,3.627906977,4.91522880818261,1,1.987179487,4.681170293,,1.754765502,,,,,,,,,,,,,,,,,,garcia
Hyperemic,231,,,,,,,,0.738636364,2.666666667,3.610256408930335,1,2.708333333,3.569230769,,2.001957362,,,,,,,,,,,,,,,,,,garcia
Hyperemic,232,,,,,,,,0.739583333,1.428571429,1.9315895386733926,3,2.366666667,1.830985915,,1.844349509,,,,,,,,,,,,,,,,,,garcia
Hyperemic,233,,,,,,,,0.74,1.909090909,2.57985257972973,3,1.761904762,2.167076167,,1.569126777,,,,,,,,,,,,,,,,,,garcia
Hyperemic,234,,,,,,,,0.741176471,2.916666667,3.9351851834487066,1,1.8,3.75,,1.654938602,,,,,,,,,,,,,,,,,,garcia
Hyperemic,235,,,,,,,,0.742268041,1.827586207,2.462164751883747,3,1.358490566,2.512931034,,1.350040279,,,,,,,,,,,,,,,,,,garcia
Hyperemic,236,,,,,,,,0.743902439,3.545454545,4.766020863926755,1,1.564102564,4.82414307,,1.54074209,,,,,,,,,,,,,,,,,,garcia
Hyperemic,237,,,,,,,,0.744186047,2.142857143,2.879464284016602,1,2.133333333,2.678571429,,1.788832181,,,,,,,,,,,,,,,,,,garcia
Hyperemic,238,,,,,,,,0.747252747,1.583333333,2.1188725492902067,3,3.578947368,1.979166667,,2.204872644,,,,,,,,,,,,,,,,,,garcia
Hyperemic,239,,,,,,,,0.75,1.875,2.5,3,2.4,1.796875,,1.826620742,,,,,,,,,,,,,,,,,,garcia
Hyperemic,240,,,,,,,,0.75257732,3.777777778,5.019786907742582,1,1.073529412,5.01978691,,1.115845426,,,,,,,,,,,,,,,,,,garcia
Hyperemic,241,,,,,,,,0.755555556,1.764705882,2.33564013656727,3,2.266666667,2.179930796,,1.788832181,,,,,,,,,,,,,,,,,,garcia
Hyperemic,242,,,,,,,,0.755555556,1.80952381,2.3949579824147307,3,1.789473684,2.075630252,,1.583507497,,,,,,,,,,,,,,,,,,garcia
Hyperemic,243,,,,,,,,0.756302521,2.8,3.702222222263358,1,2.142857143,3.173333333,,1.616551427,,,,,,,,,,,,,,,,,,garcia
Hyperemic,244,,,,,,,,0.757575758,1.5,1.9799999988912,3,2.083333333,2.04,,1.66825825,,,,,,,,,,,,,,,,,,garcia
Hyperemic,245,,,,,,,,0.757894737,4.769230769,6.2927350411195695,1,2.322580645,6.623931624,,1.779656458,,,,,,,,,,,,,,,,,,garcia
Hyperemic,246,,,,,,,,0.757894737,3.090909091,4.078282827553135,1,2.117647059,3.648989899,,1.699422011,,,,,,,,,,,,,,,,,,garcia
Hyperemic,247,,,,,,,,0.758241758,2,2.6376811602612893,1,1.916666667,2.492753623,,1.630469689,,,,,,,,,,,,,,,,,,garcia
Hyperemic,248,,,,,,,,0.7625,2.222222222,2.9143897993442627,1,1.525,2.550091075,,1.475285628,,,,,,,,,,,,,,,,,,garcia
Hyperemic,249,,,,,,,,0.764705882,2.074074074,2.712250713405654,1,1.625,2.347578348,,1.351433987,,,,,,,,,,,,,,,,,,garcia
Hyperemic,250,,,,,,,,0.76744186,3,3.909090911460055,1,1.571428571,4,,1.455183424,,,,,,,,,,,,,,,,,,garcia
Hyperemic,251,,,,,,,,0.768421053,1.857142857,2.416829744252205,3,2.807692308,2.467710372,,1.913127994,,,,,,,,,,,,,,,,,,garcia
Hyperemic,252,,,,,,,,0.769230769,2.5,3.250000000975,1,2.8,2.821428571,,1.926991287,,,,,,,,,,,,,,,,,,garcia
Hyperemic,253,,,,,,,,0.769230769,1.9375,2.518750000755625,3,0.967741935,2.260416667,,1.071141136,,,,,,,,,,,,,,,,,,garcia
Hyperemic,254,,,,,,,,0.769230769,2.416666667,3.1416666680425,1,2.75862069,3.020833333,,1.856067255,,,,,,,,,,,,,,,,,,garcia
Hyperemic,255,,,,,,,,0.771186441,2.217391304,2.875298612777348,1,1.784313725,2.63162924,,1.416875421,,,,,,,,,,,,,,,,,,garcia
Hyperemic,256,,,,,,,,0.772727273,1.177777778,1.5241830062855826,3,1.924528302,1.270152505,,1.429221525,,,,,,,,,,,,,,,,,,garcia
Hyperemic,257,,,,,,,,0.773809524,2.129032258,2.751364763507356,1,0.984848485,2.55483871,,1.040317739,,,,,,,,,,,,,,,,,,garcia
Hyperemic,258,,,,,,,,0.774193548,2.5,3.22916666828125,1,1.309090909,3.090277778,,1.242145925,,,,,,,,,,,,,,,,,,garcia
Hyperemic,259,,,,,,,,0.774193548,1.611111111,2.0810185194155095,3,2.482758621,1.857253086,,1.798075308,,,,,,,,,,,,,,,,,,garcia
Hyperemic,260,,,,,,,,0.776595745,1.9,2.4465753414603117,3,1.921052632,2.394520548,,1.563304111,,,,,,,,,,,,,,,,,,garcia
Hyperemic,261,,,,,,,,0.777777778,2.4,3.085714284832653,1,4.375,3.017142857,,2.117350781,,,,,,,,,,,,,,,,,,garcia
Hyperemic,262,,,,,,,,0.777777778,2.481481481,3.190476188945578,1,1.044776119,2.977777778,,1.0495324,,,,,,,,,,,,,,,,,,garcia
Hyperemic,263,,,,,,,,0.78,3.230769231,4.142011834615385,1,1.857142857,3.727810651,,1.49657611,,,,,,,,,,,,,,,,,,garcia
Hyperemic,264,,,,,,,,0.78021978,1.923076923,2.464788732990081,3,2.84,2.491874323,,1.905801988,,,,,,,,,,,,,,,,,,garcia
Hyperemic,265,,,,,,,,0.782178218,1.538461538,1.9668938645898217,3,1.975,1.927945472,,1.538954708,,,,,,,,,,,,,,,,,,garcia
Hyperemic,266,,,,,,,,0.784313725,1.967741935,2.5088709686930444,3,1.31147541,2.435080645,,1.17241502,,,,,,,,,,,,,,,,,,garcia
Hyperemic,267,,,,,,,,0.788888889,2.5,3.169014084060702,1,2.84,2.992957746,,1.883525593,,,,,,,,,,,,,,,,,,garcia
Hyperemic,268,,,,,,,,0.788990826,2.447368421,3.1018971835294824,1,0.924731183,2.845777234,,0.825413948,,,,,,,,,,,,,,,,,,garcia
Hyperemic,269,,,,,,,,0.79,4.285714286,5.424954792405063,1,1.316666667,5.153707052,,1.166568803,,,,,,,,,,,,,,,,,,garcia
Hyperemic,270,,,,,,,,0.79,2.727272727,3.452243958227848,1,2.633333333,2.934407365,,1.768628795,,,,,,,,,,,,,,,,,,garcia
Hyperemic,271,,,,,,,,0.79,2.4,3.0379746835443036,1,2.194444444,2.612658228,,1.610266303,,,,,,,,,,,,,,,,,,garcia
Hyperemic,272,,,,,,,,0.79,1.727272727,2.1864211734177212,3,4.157894737,1.945914845,,2.165364102,,,,,,,,,,,,,,,,,,garcia
Hyperemic,273,,,,,,,,0.790123457,1.5,1.8984374994957276,3,1.422222222,1.828125,,1.324675903,,,,,,,,,,,,,,,,,,garcia
Hyperemic,274,,,,,,,,0.790322581,1.714285714,2.1690962085771406,3,1.361111111,2.16909621,,1.40199036,,,,,,,,,,,,,,,,,,garcia
Hyperemic,275,,,,,,,,0.790697674,4.285714286,5.420168070457736,1,2.266666667,5.168067227,,1.701682005,,,,,,,,,,,,,,,,,,garcia
Hyperemic,276,,,,,,,,0.791666667,3.470588235,4.3839009265752,1,1.288135593,4.064241486,,1.159977982,,,,,,,,,,,,,,,,,,garcia
Hyperemic,277,,,,,,,,0.79245283,1.642857143,2.073129252374555,3,1.826086957,2.092687075,,1.417559027,,,,,,,,,,,,,,,,,,garcia
Hyperemic,278,,,,,,,,0.798076923,4.426229508,5.546118902124927,1,3.074074074,5.226150504,,1.860143776,,,,,,,,,,,,,,,,,,garcia
Hyperemic,279,,,,,,,,0.798076923,4.426229508,5.546118902124927,1,3.074074074,5.226150504,,1.860143776,,,,,,,,,,,,,,,,,,garcia
Hyperemic,280,,,,,,,,0.8,2,2.5,0,2,2.527777778,,1.543319513,,,,,,,,,,,,,,,,,,garcia
Hyperemic,281,,,,,,,,0.801980198,2.294117647,2.8605664487990268,0,2.076923077,2.803921569,,1.519552791,,,,,,,,,,,,,,,,,,garcia
Hyperemic,282,,,,,,,,0.802469136,2.15625,2.6870192301078104,0,0.942028986,2.687019231,,0.927073811,,,,,,,,,,,,,,,,,,garcia
Hyperemic,283,,,,,,,,0.802631579,1.588235294,1.9787849563292599,2,2.259259259,2.135004822,,1.71401574,,,,,,,,,,,,,,,,,,garcia
Hyperemic,284,,,,,,,,0.804123711,2.365591398,2.9418252013215413,0,3.545454545,2.911497105,,1.994560249,,,,,,,,,,,,,,,,,,garcia
Hyperemic,285,,,,,,,,0.804347826,2.875,3.5743243247107377,0,3.217391304,3.846283784,,1.932468843,,,,,,,,,,,,,,,,,,garcia
Hyperemic,286,,,,,,,,0.804347826,2.761904762,3.4337194342090505,0,1.275862069,3.284427284,,1.129068527,,,,,,,,,,,,,,,,,,garcia
Hyperemic,287,,,,,,,,0.804597701,2,2.4857142861759183,0,2.5,2.142857143,,1.736784868,,,,,,,,,,,,,,,,,,garcia
Hyperemic,288,,,,,,,,0.808080808,2.6,3.21750000032175,0,2.051282051,3.2825,,1.497276396,,,,,,,,,,,,,,,,,,garcia
Hyperemic,289,,,,,,,,0.809090909,2.1,2.595505618269158,0,4.238095238,2.666292135,,2.078432715,,,,,,,,,,,,,,,,,,garcia
Hyperemic,290,,,,,,,,0.80952381,1.4375,1.775735293073097,2,2.956521739,1.670036765,,1.88131632,,,,,,,,,,,,,,,,,,garcia
Hyperemic,291,,,,,,,,0.81,1.533333333,1.8930041148148147,2,3.52173913,1.817283951,,1.955949938,,,,,,,,,,,,,,,,,,garcia
Hyperemic,292,,,,,,,,0.81,2.5,3.0864197530864197,0,1.35,2.87037037,,1.12310311,,,,,,,,,,,,,,,,,,garcia
Hyperemic,293,,,,,,,,0.81,1.923076923,2.3741690407407408,2,3.24,2.279202279,,1.883525593,,,,,,,,,,,,,,,,,,garcia
Hyperemic,294,,,,,,,,0.811764706,2,2.463768115584961,0,2.3,2.173913043,,1.650529483,,,,,,,,,,,,,,,,,,garcia
Hyperemic,295,,,,,,,,0.8125,3.066666667,3.7743589747692305,0,1.97826087,3.504761905,,1.397355641,,,,,,,,,,,,,,,,,,garcia
Hyperemic,296,,,,,,,,0.815217391,3,3.6800000013738665,0,1.5625,3.88,,1.268618456,,,,,,,,,,,,,,,,,,garcia
Hyperemic,297,,,,,,,,0.817307692,3.4,4.160000001566118,0,2.5,4.28,,1.616447776,,,,,,,,,,,,,,,,,,garcia
Hyperemic,298,,,,,,,,0.819672131,1.875,2.28750000041175,2,2.222222222,2.04375,,1.436649663,,,,,,,,,,,,,,,,,,garcia
Hyperemic,299,,,,,,,,0.81981982,2.25,2.7445054939023064,0,1.444444444,2.521978022,,1.103000906,,,,,,,,,,,,,,,,,,garcia
Hyperemic,300,,,,,,,,0.821052632,3.012048193,3.66852023318281,0,3.12,3.629904232,,1.835220914,,,,,,,,,,,,,,,,,,garcia
Hyperemic,301,,,,,,,,0.822222222,3,3.64864864963477,0,4.111111111,3.445945946,,2.094226982,,,,,,,,,,,,,,,,,,garcia
Hyperemic,302,,,,,,,,0.823529412,2.6,3.1571428562408164,0,1.076923077,3.296428571,,1.047826568,,,,,,,,,,,,,,,,,,garcia
Hyperemic,303,,,,,,,,0.823529412,2.176470588,2.6428571418163265,0,2.27027027,2.642857143,,1.519521066,,,,,,,,,,,,,,,,,,garcia
Hyperemic,304,,,,,,,,0.824175824,2.558139535,3.1038759697954936,0,3.409090909,3.240310078,,1.919926631,,,,,,,,,,,,,,,,,,garcia
Hyperemic,305,,,,,,,,0.830357143,2.8125,3.387096773610822,0,2.066666667,3.175403226,,1.372980583,,,,,,,,,,,,,,,,,,garcia
Hyperemic,306,,,,,,,,0.833333333,2.15,2.580000001032,0,1.976744186,2.630588235,,1.36416402,,,,,,,,,,,,,,,,,,garcia
Hyperemic,307,,,,,,,,0.833333333,2.636363636,3.1636363644654546,0,2.413793103,3.502597403,,1.621984049,,,,,,,,,,,,,,,,,,garcia
Hyperemic,308,,,,,,,,0.833333333,3.461538462,4.1538461560615385,0,1.666666667,4.153846154,,1.270318241,,,,,,,,,,,,,,,,,,garcia
Hyperemic,309,,,,,,,,0.834951456,2.538461538,3.0402504478056747,0,1.303030303,3.040250447,,0.99201306,,,,,,,,,,,,,,,,,,garcia
Hyperemic,310,,,,,,,,0.835164835,2.916666667,3.492324562491906,0,2.171428571,3.530701754,,1.48860718,,,,,,,,,,,,,,,,,,garcia
Hyperemic,311,,,,,,,,0.838095238,2.888888889,3.446969697493974,0,3.384615385,3.446969697,,1.801154235,,,,,,,,,,,,,,,,,,garcia
Hyperemic,312,,,,,,,,0.838709677,2.230769231,2.659763315214497,0,2.689655172,2.716962525,,1.651947273,,,,,,,,,,,,,,,,,,garcia
Hyperemic,313,,,,,,,,0.838983051,2.533333333,3.019528618582308,0,2.605263158,2.738047138,,1.519838417,,,,,,,,,,,,,,,,,,garcia
Hyperemic,314,,,,,,,,0.84,2.047619048,2.437641723809524,0,1.953488372,2.583900227,,1.337835081,,,,,,,,,,,,,,,,,,garcia
Hyperemic,315,,,,,,,,0.841463415,3.333333333,3.9613526548863685,0,1.38,3.913043478,,1.116655353,,,,,,,,,,,,,,,,,,garcia
Hyperemic,316,,,,,,,,0.841463415,3.333333333,3.9613526548863685,0,1.38,3.913043478,,1.116655353,,,,,,,,,,,,,,,,,,garcia
Hyperemic,317,,,,,,,,0.84375,1.923076923,2.2792022791111113,2,3.24,2.231718898,,1.780863251,,,,,,,,,,,,,,,,,,garcia
Hyperemic,318,,,,,,,,0.844444444,2.071428571,2.4530075195805305,0,2.620689655,2.234962406,,1.621984049,,,,,,,,,,,,,,,,,,garcia
Hyperemic,319,,,,,,,,0.847826087,2.466666667,2.909401709645672,0,2.108108108,2.751282051,,1.410376597,,,,,,,,,,,,,,,,,,garcia
Hyperemic,320,,,,,,,,0.85,3.083333333,3.6274509800000003,0,1.837837838,3.31004902,,1.343429807,,,,,,,,,,,,,,,,,,garcia
Hyperemic,321,,,,,,,,0.85,1.444444444,1.6993464047058824,2,3.269230769,1.580392157,,1.746796573,,,,,,,,,,,,,,,,,,garcia
Hyperemic,322,,,,,,,,0.85,1.916666667,2.2549019611764707,2,3.695652174,2.142156863,,1.853287597,,,,,,,,,,,,,,,,,,garcia
Hyperemic,323,,,,,,,,0.85046729,2.7,3.1747252736786624,0,1.685185185,3.026373626,,1.139984473,,,,,,,,,,,,,,,,,,garcia
Hyperemic,324,,,,,,,,0.85106383,3,3.52499999911875,0,1.15942029,3.4875,,0.869081864,,,,,,,,,,,,,,,,,,garcia
Hyperemic,325,,,,,,,,0.851851852,2.225806452,2.6129032258064515,0,1.333333333,2.491935484,,0.927073811,,,,,,,,,,,,,,,,,,garcia
Hyperemic,326,,,,,,,,0.852631579,2.842105263,3.333333332942387,0,1.5,3.333333333,,1.081992526,,,,,,,,,,,,,,,,,,garcia
Hyperemic,327,,,,,,,,0.852941176,1.592592593,1.8671775238577533,2,2.023255814,1.775649212,,1.309806357,,,,,,,,,,,,,,,,,,garcia
Hyperemic,328,,,,,,,,0.853448276,2.642857143,3.0966810963480116,0,2.675675676,2.98989899,,1.494697483,,,,,,,,,,,,,,,,,,garcia
Hyperemic,329,,,,,,,,0.855555556,3.924050633,4.586552685539453,0,2.483870968,4.433667598,,1.531871974,,,,,,,,,,,,,,,,,,garcia
Hyperemic,330,,,,,,,,0.855932203,1.88,2.1964356445647133,2,2.14893617,2.196435644,,1.286905215,,,,,,,,,,,,,,,,,,garcia
Hyperemic,331,,,,,,,,0.858823529,5.376344086,6.260126678480882,0,1.46,6.186478126,,1.081893247,,,,,,,,,,,,,,,,,,garcia
Hyperemic,332,,,,,,,,0.858974359,3.5,4.0746268655500115,0,1.914285714,4.179104478,,1.353908606,,,,,,,,,,,,,,,,,,garcia
Hyperemic,333,,,,,,,,0.861702128,2,2.320987653404054,0,1.840909091,2.148148148,,1.227690009,,,,,,,,,,,,,,,,,,garcia
Hyperemic,334,,,,,,,,0.861702128,2.6,3.017283949425271,0,2.076923077,2.888888889,,1.332466148,,,,,,,,,,,,,,,,,,garcia
Hyperemic,335,,,,,,,,0.862068966,2.027027027,2.351351350003243,0,1,2.675675676,,0.729710729,,,,,,,,,,,,,,,,,,garcia
Hyperemic,336,,,,,,,,0.862903226,2.041666667,2.3660436135627565,0,2.183673469,2.308800623,,1.250708771,,,,,,,,,,,,,,,,,,garcia
Hyperemic,337,,,,,,,,0.863157895,2.5,2.8963414625316033,0,2.733333333,2.865853659,,1.560352852,,,,,,,,,,,,,,,,,,garcia
Hyperemic,338,,,,,,,,0.863636364,2.058823529,2.383900927312042,0,2.714285714,2.188854489,,1.48860718,,,,,,,,,,,,,,,,,,garcia
Hyperemic,339,,,,,,,,0.865168539,1.785714286,2.064007422257873,2,3.08,1.971243043,,1.683953238,,,,,,,,,,,,,,,,,,garcia
Hyperemic,340,,,,,,,,0.865853659,2.1875,2.526408449352063,0,2.028571429,2.095070423,,1.353908606,,,,,,,,,,,,,,,,,,garcia
Hyperemic,341,,,,,,,,0.868131868,1.904761905,2.194092827611761,2,2.46875,2.073538276,,1.469533299,,,,,,,,,,,,,,,,,,garcia
Hyperemic,342,,,,,,,,0.868852459,1.528301887,1.7589889643162075,2,0.654320988,1.758988964,,0.486771959,,,,,,,,,,,,,,,,,,garcia
Hyperemic,343,,,,,,,,0.87,3.466666667,3.9846743298850575,0,1.673076923,3.944827586,,1.082588675,,,,,,,,,,,,,,,,,,garcia
Hyperemic,344,,,,,,,,0.87,2.291666667,2.6340996172413793,0,1.581818182,2.634099617,,1.033869983,,,,,,,,,,,,,,,,,,garcia
Hyperemic,345,,,,,,,,0.87037037,2.157894737,2.479283315906078,0,2.292682927,2.180851064,,1.321212332,,,,,,,,,,,,,,,,,,garcia
Hyperemic,346,,,,,,,,0.870588235,3.133333333,3.5990990999321277,0,1.574468085,3.641441441,,1.097848979,,,,,,,,,,,,,,,,,,garcia
Hyperemic,347,,,,,,,,0.870588235,2.384615385,2.7390852404523938,0,2.387096774,2.352390852,,1.459321307,,,,,,,,,,,,,,,,,,garcia
Hyperemic,348,,,,,,,,0.871287129,1.592592593,1.8278619527271818,2,2.046511628,2.026936027,,1.247658451,,,,,,,,,,,,,,,,,,garcia
Hyperemic,349,,,,,,,,0.873873874,2.153846154,2.4647105470050934,0,1.732142857,2.464710547,,1.050403991,,,,,,,,,,,,,,,,,,garcia
Hyperemic,350,,,,,,,,0.875,2.25,2.5714285714285716,0,1.069444444,2.62987013,,0.727379702,,,,,,,,,,,,,,,,,,garcia
Hyperemic,351,,,,,,,,0.875,2.388888889,2.7301587302857144,0,1.790697674,2.637085137,,1.175107784,,,,,,,,,,,,,,,,,,garcia
Hyperemic,352,,,,,,,,0.875,3.222222222,3.6825396822857144,0,1.448275862,4.066137566,,0.952977268,,,,,,,,,,,,,,,,,,garcia
Hyperemic,353,,,,,,,,0.875,2.173913043,2.4844720491428576,0,1.82,2.269469661,,1.116655353,,,,,,,,,,,,,,,,,,garcia
Hyperemic,354,,,,,,,,0.875,3.4,3.8857142857142857,0,2.058823529,3.885714286,,1.337694175,,,,,,,,,,,,,,,,,,garcia
Hyperemic,355,,,,,,,,0.88,2.454545455,2.789256198863636,0,1.62962963,2.789256198,,1.015045736,,,,,,,,,,,,,,,,,,garcia
Hyperemic,356,,,,,,,,0.88,1.733333333,1.9696969693181818,2,3.384615385,1.871212121,,1.64988656,,,,,,,,,,,,,,,,,,garcia
Hyperemic,357,,,,,,,,0.882352941,1.461538462,1.6564102572646155,2,1.315789474,1.734358974,,0.888902298,,,,,,,,,,,,,,,,,,garcia
Hyperemic,358,,,,,,,,0.883116883,2.058823529,2.331314878735027,0,1.942857143,2.603806228,,1.26675843,,,,,,,,,,,,,,,,,,garcia
Hyperemic,359,,,,,,,,0.88372093,2.025751073,2.2922972674190256,0,1.610169492,2.372261125,,1.052768012,,,,,,,,,,,,,,,,,,garcia
Hyperemic,360,,,,,,,,0.884210526,2.527472527,2.858451073223256,0,3.652173913,2.948717949,,1.718589023,,,,,,,,,,,,,,,,,,garcia
Hyperemic,361,,,,,,,,0.884210526,2.388888889,2.7017195778101377,0,1.953488372,2.616402116,,1.175107784,,,,,,,,,,,,,,,,,,garcia
Hyperemic,362,,,,,,,,0.886075949,2.6,2.934285715501347,0,1.794871795,2.822857143,,1.172765305,,,,,,,,,,,,,,,,,,garcia
Hyperemic,363,,,,,,,,0.886792453,2.25,2.5372340420673383,0,2.611111111,2.704787234,,1.367228254,,,,,,,,,,,,,,,,,,garcia
Hyperemic,364,,,,,,,,0.888888889,3.953488372,4.44767441794404,0,4.235294118,4.228036176,,1.893996676,,,,,,,,,,,,,,,,,,garcia
Hyperemic,365,,,,,,,,0.888888889,3.470588235,3.904411763886949,0,1.491525424,3.707219251,,0.900340671,,,,,,,,,,,,,,,,,,garcia
Hyperemic,366,,,,,,,,0.888888889,2.923076923,3.2884615379639426,0,2.105263158,3.361538462,,1.241084816,,,,,,,,,,,,,,,,,,garcia
Hyperemic,367,,,,,,,,0.888888889,2.806451613,3.157258064230343,0,0.91954023,3.33266129,,0.521613504,,,,,,,,,,,,,,,,,,garcia
Hyperemic,368,,,,,,,,0.891304348,2.2,2.4682926824452114,0,1.490909091,2.52195122,,0.919926631,,,,,,,,,,,,,,,,,,garcia
Hyperemic,369,,,,,,,,0.892086331,1.681818182,1.885263929685747,2,3.351351351,1.763196481,,1.44033982,,,,,,,,,,,,,,,,,,garcia
Hyperemic,370,,,,,,,,0.892473118,2.214285714,2.481067126102503,0,2.677419355,2.481067126,,1.417928622,,,,,,,,,,,,,,,,,,garcia
Hyperemic,371,,,,,,,,0.894230769,2.571428571,2.875576037129181,0,1.722222222,2.903225806,,0.977257175,,,,,,,,,,,,,,,,,,garcia
Hyperemic,372,,,,,,,,0.895238095,2.75,3.0718085114552682,0,1.709090909,3.188829787,,0.961319316,,,,,,,,,,,,,,,,,,garcia
Hyperemic,373,,,,,,,,0.895652174,2.466666667,2.754045307548151,0,2.783783784,2.801941748,,1.343429807,,,,,,,,,,,,,,,,,,garcia
Hyperemic,374,,,,,,,,0.895833333,2.785714286,3.109634552971027,0,2.205128205,3.077242525,,1.218522795,,,,,,,,,,,,,,,,,,garcia
Hyperemic,375,,,,,,,,0.896551724,1.611111111,1.7970085471610782,2,2.689655172,1.817663818,,1.430098523,,,,,,,,,,,,,,,,,,garcia
Hyperemic,376,,,,,,,,0.897435897,2.7,3.0085714300327346,0,1.944444444,2.982857143,,1.015045736,,,,,,,,,,,,,,,,,,garcia
Hyperemic,377,,,,,,,,0.898876404,2.285714286,2.5428571445735715,0,1.25,2.428571429,,0.742534571,,,,,,,,,,,,,,,,,,garcia
Hyperemic,378,,,,,,,,0.9,1.636363636,1.8181818177777778,2,1.666666667,1.727272727,,0.93586449,,,,,,,,,,,,,,,,,,garcia
Hyperemic,379,,,,,,,,0.904109589,4.4,4.866666666887879,0,1,5.066666667,,0.606662178,,,,,,,,,,,,,,,,,,garcia
Hyperemic,380,,,,,,,,0.909090909,3.222222222,3.5444444445544447,0,3.448275862,3.415555556,,1.475856014,,,,,,,,,,,,,,,,,,garcia
Hyperemic,381,,,,,,,,0.909090909,3,3.30000000033,0,2.083333333,3.06,,1.038169535,,,,,,,,,,,,,,,,,,garcia
Hyperemic,382,,,,,,,,0.91,3.333333333,3.6630036626373625,0,3.033333333,3.516483516,,1.40065201,,,,,,,,,,,,,,,,,,garcia
Hyperemic,383,,,,,,,,0.91,2.538461538,2.7895181736263734,0,2.757575758,2.928994083,,1.317866639,,,,,,,,,,,,,,,,,,garcia
Hyperemic,384,,,,,,,,0.91,3.055555556,3.357753358241758,0,1.654545455,3.290598291,,0.87416914,,,,,,,,,,,,,,,,,,garcia
Hyperemic,385,,,,,,,,0.91011236,2.583333333,2.838477364487172,0,2.612903226,3.061728395,,1.321018609,,,,,,,,,,,,,,,,,,garcia
Hyperemic,386,,,,,,,,0.910714286,1.904761905,2.091503267579136,2,2.55,2.072829132,,1.196532027,,,,,,,,,,,,,,,,,,garcia
Hyperemic,387,,,,,,,,0.910714286,4.470588235,4.908881197675645,0,1.342105263,4.952710496,,0.639024825,,,,,,,,,,,,,,,,,,garcia
Hyperemic,388,,,,,,,,0.912621359,2.365591398,2.5920841920597653,0,4.272727273,2.566918325,,1.670049157,,,,,,,,,,,,,,,,,,garcia
Hyperemic,389,,,,,,,,0.916666667,1.703703704,1.8585858582332415,2,2.391304348,1.827609428,,1.075136346,,,,,,,,,,,,,,,,,,garcia
Hyperemic,390,,,,,,,,0.917647059,2,2.1794871790680475,0,2.052631579,2.307692308,,1.086182856,,,,,,,,,,,,,,,,,,garcia
Hyperemic,391,,,,,,,,0.918604651,2.75,2.9936708866064734,0,2.393939394,3.098101266,,1.20872217,,,,,,,,,,,,,,,,,,garcia
Hyperemic,392,,,,,,,,0.921348315,3.466666667,3.7626016247720604,0,1.576923077,4.100813008,,0.813743362,,,,,,,,,,,,,,,,,,garcia
Hyperemic,393,,,,,,,,0.921428571,1.95,2.116279070751758,2,3.307692308,2.040697674,,1.259915481,,,,,,,,,,,,,,,,,,garcia
Hyperemic,394,,,,,,,,0.922222222,3.19047619,3.45955249601435,0,1.23880597,3.459552496,,0.593600444,,,,,,,,,,,,,,,,,,garcia
Hyperemic,395,,,,,,,,0.924528302,2.4375,2.6364795915139005,0,2.512820513,2.586734694,,1.121612782,,,,,,,,,,,,,,,,,,garcia
Hyperemic,396,,,,,,,,0.925531915,2.9,3.13333333297318,0,1.5,3.266666667,,0.718894062,,,,,,,,,,,,,,,,,,garcia
Hyperemic,397,,,,,,,,0.927536232,3.698630137,3.9875856159546768,0,2.37037037,4.045376712,,1.236894486,,,,,,,,,,,,,,,,,,garcia
Hyperemic,398,,,,,,,,0.928571429,1.954545455,2.104895104413125,2,2.418604651,2.349213287,,1.036805085,,,,,,,,,,,,,,,,,,garcia
Hyperemic,399,,,,,,,,0.928571429,2.679245283,2.885341072668304,0,1.098591549,3.366231253,,0.476286562,,,,,,,,,,,,,,,,,,garcia
Hyperemic,400,,,,,,,,0.92920354,2.068965517,2.2266009845377903,0,1.75,2.266009852,,0.747439496,,,,,,,,,,,,,,,,,,garcia
Hyperemic,401,,,,,,,,0.93,2.483870968,2.6708289978494624,0,1.207792208,3.124869927,,0.472768599,,,,,,,,,,,,,,,,,,garcia
Hyperemic,402,,,,,,,,0.931034483,2.2,2.362962962350343,0,1.840909091,2.444444444,,0.891897907,,,,,,,,,,,,,,,,,,garcia
Hyperemic,403,,,,,,,,0.933333333,2.842105263,3.0451127828732547,0,1.555555556,3.214285714,,0.71401574,,,,,,,,,,,,,,,,,,garcia
Hyperemic,404,,,,,,,,0.936842105,3.105263158,3.314606742616463,0,1.508474576,3.384387936,,0.637099237,,,,,,,,,,,,,,,,,,garcia
Hyperemic,405,,,,,,,,0.94,3.0625,3.2579787234042556,0,1.918367347,3.355718085,,0.7984111,,,,,,,,,,,,,,,,,,garcia
Hyperemic,406,,,,,,,,0.941176471,2.583333333,2.7447916651116535,0,2.580645161,2.615625,,1.116898626,,,,,,,,,,,,,,,,,,garcia
Hyperemic,407,,,,,,,,0.943396226,2.235294118,2.3694117661225413,0,2.631578947,2.324705882,,1.019236067,,,,,,,,,,,,,,,,,,garcia
Hyperemic,408,,,,,,,,0.945652174,2.636363636,2.7878787872378963,0,3,2.787878788,,1.174826018,,,,,,,,,,,,,,,,,,garcia
Hyperemic,409,,,,,,,,0.947368421,2.25,2.3750000001319447,0,2,2.53125,,0.890106999,,,,,,,,,,,,,,,,,,garcia
Hyperemic,410,,,,,,,,0.947916667,1.421052632,1.4991324464178877,2,3.37037037,1.514748409,,1.236894486,,,,,,,,,,,,,,,,,,garcia
Hyperemic,411,,,,,,,,0.947916667,2.411764706,2.544279249391023,0,2.219512195,2.597285068,,0.8740543,,,,,,,,,,,,,,,,,,garcia
Hyperemic,412,,,,,,,,0.949367089,3.272727273,3.4472727261351275,0,2.083333333,3.578181818,,0.890106999,,,,,,,,,,,,,,,,,,garcia
Hyperemic,413,,,,,,,,0.95,3.225806452,3.3955857389473687,0,0.76,3.353140917,,0.002712001,,,,,,,,,,,,,,,,,,garcia
Hyperemic,414,,,,,,,,0.954545455,2.428571429,2.544217686312277,0,1.976470588,2.717687075,,0.745934141,,,,,,,,,,,,,,,,,,garcia
Hyperemic,415,,,,,,,,0.96,0.985915493,1.0269953052083334,2,13.71428571,1.016725352,,2.312515921,,,,,,,,,,,,,,,,,,garcia
Hyperemic,416,,,,,,,,0.96,2.5,2.604166666666667,0,2.133333333,2.552083333,,0.696286973,,,,,,,,,,,,,,,,,,garcia
Hyperemic,417,,,,,,,,0.963855422,5.487804878,5.693597559074582,0,1.777777778,5.693597561,,0.571348237,,,,,,,,,,,,,,,,,,garcia
Hyperemic,418,,,,,,,,0.964705882,1.896551724,1.9659377634021724,2,1.490909091,2.289739277,,0.397047885,,,,,,,,,,,,,,,,,,garcia
Hyperemic,419,,,,,,,,0.967032967,2.285714286,2.3636363640123967,0,2.75,2.493506494,,0.867473308,,,,,,,,,,,,,,,,,,garcia
Hyperemic,420,,,,,,,,0.968085106,3.210526316,3.316367844213069,0,1.491803279,3.775014459,,0.307113594,,,,,,,,,,,,,,,,,,garcia
Hyperemic,421,,,,,,,,0.968085106,2.466666667,2.5479853493376647,0,2.459459459,2.629304029,,0.741369816,,,,,,,,,,,,,,,,,,garcia
Hyperemic,422,,,,,,,,0.97,2.1,2.1649484536082477,0,2.30952381,2.121649485,,0.631274683,,,,,,,,,,,,,,,,,,garcia
Hyperemic,423,,,,,,,,0.972222222,2.473684211,2.5443609033244257,0,2.234042553,2.403007519,,0.533577548,,,,,,,,,,,,,,,,,,garcia
Hyperemic,424,,,,,,,,0.977011494,2.5,2.5588235300740485,0,2.833333333,2.647058824,,0.747439496,,,,,,,,,,,,,,,,,,garcia
Hyperemic,425,,,,,,,,0.977777778,3.166666667,3.238636363241219,0,1.543859649,3.238636364,,0.189932294,,,,,,,,,,,,,,,,,,garcia
Hyperemic,426,,,,,,,,0.97826087,3.5,3.5777777761876544,0,0.989010989,3.616666667,,-0.216400779,,,,,,,,,,,,,,,,,,garcia
Hyperemic,427,,,,,,,,0.978494624,3.707865169,3.7893567098433034,0,2.757575758,3.870848253,,0.664654125,,,,,,,,,,,,,,,,,,garcia
Hyperemic,428,,,,,,,,0.979591837,2.666666667,2.7222222218252314,0,2,2.916666667,,0.33919953,,,,,,,,,,,,,,,,,,garcia
Hyperemic,429,,,,,,,,0.979591837,2.461538462,2.5128205126111114,0,3,2.564102564,,0.691382049,,,,,,,,,,,,,,,,,,garcia
Hyperemic,430,,,,,,,,0.98,2.933333333,2.993197278571429,0,2.227272727,2.963265306,,0.414776652,,,,,,,,,,,,,,,,,,garcia
Hyperemic,431,,,,,,,,0.987951807,3.085106383,3.12272963229673,0,2.827586207,3.386092372,,0.475856014,,,,,,,,,,,,,,,,,,garcia
